Acetic acid,C2H4O2
Aluminium antimonide,AlSb
Aluminium arsenide,AlAs
Aluminium nitride,AlN
Aluminium oxide,Al2O3
Aluminium phosphide,AlP
Aluminium chloride,AlCl3
Aluminium fluoride,AlF3
Aluminium hydroxide,Al(OH)3
Aluminium nitrate,Al(NO3)3
Aluminium sulfate,Al2(SO4)3
Ammonia,NH3
Ammonium azide,NH4N3
Ammonium bicarbonate,NH4HCO3
Ammonium chromate,(NH4)2CrO4
Ammonium cerium(IV) nitrate,(NH4)2Ce(NO3)6
Ammonium chloride,NH4Cl
Ammonium chlorate,NH4ClO3
Ammonium cyanide,NH4CN
Ammonium dichromate,(NH4)2Cr2O7
Ammonium hydroxide,NH4OH
Ammonium hexachloroplatinate,(NH4)2(PtCl6)
Ammonium nitrate,NH4NO3
Ammonium sulfide,(NH4)2S4
Ammonium sulfite,(NH4)2SO3
Ammonium sulfate,(NH4)2SO4
Ammonium persulfate,(NH4)2S2O8
Ammonium perchlorate,NH4ClO4
Ammonium tetrathiocyanatodiamminechromate(III),NH4[Cr(SCN)4(NH3)2]
Antimony hydride,SbH3
Antimony pentachloride,SbCl5
Antimony pentafluoride,SbF5
Antimony trioxide,Sb2O3
Arsine,AsH3
Arsenic trioxide (Arsenic(III) oxide),As2O3
Arsenous acid,As(OH)3
Barium azide,Ba(N3)3
Barium chloride,BaCl2
Barium chromate,BaCrO4
Barium chlorate,BaClO3
Barium carbonate,BaCO3
Barium hydroxide,Ba(OH)2
Barium iodide,BaI2
Barium nitrate,Ba(NO3)2
Barium sulfate,BaSO4
Barium fluoride,BaF2
Barium ferrite,BaFe2O4
Barium ferrate,BaFeO4
Barium titanate,BaTiO3
Barium oxide,BaO
Barium peroxide,BaO2
Beryllium bromide,BeBr2
Beryllium carbonate,BeCO3
Beryllium chloride,BeCl2
Beryllium fluoride,BeF2
Beryllium hydride,BeH2
Beryllium hydroxide,Be(OH)2
Beryllium iodide,BeI2
Beryllium nitrate,Be(NO3)2
Beryllium nitride,Be3N2
Beryllium oxide,BeO
Beryllium sulfate,BeSO4
Beryllium sulfite,BeSO3
Beryllium borohydride,Be(BH4)2
Beryllium telluride,BeTe
Bismuth(III) oxide,Bi2O3
Bismuth(III) telluride,Bi2Te3
Borax,Na2B4O7Â·10H2O
Boric acid,H3BO3
Boron carbide,B4C
Boron nitride,BN
Boron oxide,B2O3
Boron suboxide,B6O
Boron trichloride,BCl3
Boron trifluoride,BF3
Bromine pentafluoride,BrF5
Bromine trifluoride,BrF3
Bromine monochloride,BrCl
Cacodylic acid,(CH3)2AsO2H
Cadmium arsenide,Cd3As2
Cadmium bromide,CdBr2
Cadmium chloride,CdCl2
Cadmium fluoride,CdF2
Cadmium iodide,CdI2
Cadmium nitrate,Cd(NO3)2
Cadmium selenide,CdSe
Cadmium sulfate,CdSO4
Cadmium telluride,CdTe
Caesium bicarbonate,CsHCO3
Caesium carbonate,Cs2CO3
Caesium chromate,Cs2CrO4
Caesium chloride,CsCl
Caesium fluoride,CsF
Caesium hydride,CsH
Calcium carbide,CaC2
Calcium chlorate,Ca(ClO3)2
Calcium chloride,CaCl2
Calcium chromate,CaCrO4
Calcium cyanamide,CaCN2
Calcium fluoride,CaF2
Calcium hydride,CaH2
Calcium hydroxide,Ca(OH)2
Calcium sulfate (Gypsum),CaSO4
Carbon dioxide,CO2
Carbon disulfide,CS2
Carbon monoxide,CO
Carbonic acid,H2CO3
Carbon tetrabromide,CBr4
Carbon tetrachloride,CCl4
Carbon tetraiodide,CI4
Carbonyl fluoride,COF2
Carbonyl sulfide,COS
Carboplatin,C6H12N2O4Pt
carborundum,SiC
Cerium(III) chloride,CeCl3
Cerium(III) bromide,CeBr3
Cerium(IV) sulfate,Ce(SO4)2
Cerium magnesium,CeMg
Cerium aluminium,CeAl
Cerium zinc,CeZn
Cerium silver,CeAg
Cerium cadmium,CeCd
Cerium mercury,CeHg
Cerium thallium,CeTl
Chloric acid,HClO3
Chlorine,Cl2
Chlorine monoxide,ClO
Chlorine dioxide,ClO2
Chlorine trioxide,ClO3
Dichlorine monoxide,Cl2O
Dichlorine dioxide,Cl2O2
Dichlorine trioxide,Cl2O3
Dichlorine tetroxide,also known as chlorine perchlorate,ClOClO3
Dichlorine hexoxide,Cl2O6
Dichlorine heptoxide,Cl2O7
Chlorine tetroxide, the peroxide,O3ClOOClO3
Chromic acid,CrO3
Chromium(III) chloride,CrCl3
Chromium(II) chloride,CrCl2
Chromium(III) oxide,Cr2O3
Chromium(IV) oxide,CrO2
Chromium(II) sulfate,CrSO4
Chromium trioxide (Chromic acid),CrO3
Chromyl chloride,CrO2Cl2
Cisplatin (cis-platinum(II) chloride diammine),PtCl2(NH3)2
Cobalt(II) bromide,CoBr2
Cobalt(II) chloride,CoCl2
Cobalt(II) carbonate,CoCO3
Cobalt(II) sulfate,CoSO4
Columbite,Fe2+Nb2O6
Copper(II) azide,Cu(N3)2
Copper(II) carbonate,CuCO3
Copper(I) chloride,CuCl
Copper(II) chloride,CuCl2
Copper(II) hydroxide,Cu(OH)2
Copper(II) nitrate,Cu(NO3)2
Copper(I) oxide,Cu2O
Copper(II) oxide,CuO
Copper(II) sulfate,CuSO4
Copper(I) sulfide,Cu2S
Copper(II) sulfide,CuS
Cyanogen,(CN)2
Cyanogen chloride,CNCl
Cyanuric chloride,C3Cl3N3
Cyanogen bromide,CNBr
Cyanogen iodide,ICN
Chrome-alum,K2SO4Cr2(SO4)3.24H2O
Decaborane (Diborane),B10H14
Diammonium phosphate,(NH4)2HPO4
Diborane,B2H6
Dichlorosilane,SiH2Cl2
Digallane,Ga2H6
Dinitrogen pentoxide (nitronium nitrate),N2O5
Dinitrogen tetroxide,N2O4
Disilane,Si2H6
Disulfur dichloride,S2Cl2
Dysprosium(III) chloride,DyCl3
Dysprosium oxide,Dy2O3
Dysprosium titanate,Dy2Ti2O7
Erbium(III) chloride,ErCl3
Europium(III) chloride,EuCl3
Erbium-copper,ErCu
Erbium-gold,ErAu
Erbium-silver,ErAg
Erbium-Iridium,ErIr
Gadolinium(III) chloride,GdCl3
Gadolinium(III) oxide,Gd2O3
Gallium antimonide,GaSb
Gallium arsenide,GaAs
Gallium trichloride,GaCl3
Gallium nitride,GaN
Gallium phosphide,GaP
Germane,GeH4
Digermane,Ge2H6
Germanium(II) fluoride,GeF2
Germanium(IV) fluoride,GeF4
Germanium(II) chloride,GeCl2
Germanium(IV) chloride,GeCl4
Germanium(II) bromide,GeBr2
Germanium(IV) bromide,GeBr4
Germanium(II) iodide,GeI2
Germanium(IV) iodide,GeI4
Germanium(II) oxide,GeO
Germanium(IV) oxide,GeO2
Germanium(II) sulfide,GeS
Germanium(IV) sulfide,GeS2
Germanium(II) selenide,GeSe
Germanium(IV) selenide,GeSe2
Germanium telluride,GeTe
Germanium(IV) nitride,Ge3N4
Gold(I) chloride,AuCl
Gold(III) chloride,AuCl3
Gold(I,III) chloride,Au4Cl8
Gold(III) chloride,(AuCl3)2
Gold(III) fluoride,AuF3
Gold(V) fluoride,AuF5
Gold(I) bromide,AuBr
Gold(III) bromide,(AuBr3)2
Gold(I) iodide,AuI
Gold(III) iodide,AuI3
Gold(I) hydride,AuH
Gold(III) oxide,Au2O3
Gold(I) sulfide,Au2S
Gold(III) sulfide,Au2S3
Gold(III) selenide,AuSe
Gold(III) selenide,Au2Se3
Gold ditelluride,AuTe2
Hafnium tetrafluoride,HfF4
Hafnium tetrachloride,HfCl4
Hexadecacarbonylhexarhodium,Rh6(CO)16
Hydrazine,N2H4
Hydrazoic acid,HN3
Hydrobromic acid,HBr
Hydrochloric acid,HCl
Hydroiodic acid,HI
Hydrogen bromide,HBr
Hydrogen chloride,HCl
Hydrogen fluoride,HF
Hydrogen peroxide,H2O2
Hydrogen selenide,H2Se
Hydrogen sulfide,H2S
Hydrogen telluride,H2Te
Hydroxylamine,NH2OH
Hypochlorous acid,HClO
Hypophosphorous acid,H3PO2
Indium antimonide,InSb
Indium arsenide,InAs
Indium(I) chloride,InCl
Indium nitride,InN
Indium phosphide,InP
Iodic acid,HIO3
Iodine heptafluoride,IF7
Iodine pentafluoride,IF5
Iodine monochloride,ICl
Iodine trichloride,ICl3
Iridium(IV) chloride,IrCl4
Iron(II) chloride,FeCl2
Iron(III) chloride,FeCl3
Iron Ferrocyanide,Fe7(CN)18
Iron(II) oxide,FeO
Iron(III) nitrate,Fe(NO3)3(H2O)9
Iron(II,III) oxide,Fe3O4
Iron(III) oxide,Fe2O3
Iron(III) thiocyanate,Fe(SCN)3
Krypton difluoride,KrF2
Lanthanum carbonate,La2(CO3)3
Lanthanum magnesium,LaMg
Lanthanum aluminium,LaAl
Lanthanum zinc,LaZn
Lanthanum silver,LaAg
Lanthanum cadmium,LaCd
Lanthanum mercury,LaHg
Lanthanum tallium,LaTl
Lead(II) carbonate,Pb(CO3)
Lead(II) chloride,PbCl2
Lead(II) iodide,PbI2
Lead(II) nitrate,Pb(NO3)2
Lead hydrogen arsenate,PbHAsO4
Lead(II) oxide,PbO
Lead(IV) oxide,PbO2
Lead(II) phosphate,Pb3(PO4)2
Lead(II) sulfate,Pb(SO4)
Lead(II) selenide,PbSe
Lead(II) sulfide,PbS
Lead(II) telluride,PbTe
Lithium aluminium hydride,LiAlH4
Lithium bromide,LiBr
Lithium borohydride,LiBH4
Lithium carbonate (Lithium salt),Li2CO3
Lithium chloride,LiCl
Lithium hypochlorite,LiClO
Lithium chlorate,LiClO3
Lithium perchlorate,LiClO4
Lithium cobalt oxide,LiCoO2
Lithium peroxide,Li2O2
Lithium hydride,LiH
Lithium hydroxide,LiOH
Lithium iodide,LiI
Lithium iron phosphate,FeLiO4P
Lithium nitrate,LiNO3
Lithium sulfide,Li2S
Lithium sulfite,HLiO3S
Lithium sulfate,Li2SO4
Lithium superoxide,LiO2
Magnesium antimonide,MgSb
Magnesium carbonate,MgCO3
Magnesium chloride,MgCl2
Magnesium oxide,MgO
Magnesium phosphate,Mg3(PO4)2
Magnesium sulfate,MgSO4
Manganese(IV) oxide (manganese dioxide),MnO2
Manganese(II) sulfate monohydrate,MnSO4.H2O
Manganese(II) chloride,MnCl2
Manganese(III) chloride,MnCl3
Manganese(IV) fluoride,MnF4
Manganese(II) phosphate,Mn3(PO4)2
Mercury(I) chloride,Hg2Cl2
Mercury(II) chloride,HgCl2
Mercury fulminate,Hg(ONC)2
Mercury(II) selenide,HgSe
Mercury(I) sulfate,Hg2SO4
Mercury(II) sulfate,HgSO4
Mercury(II) sulfide,HgS
Mercury(II) telluride,HgTe
Metaphosphoric acid,HPO3
Molybdenum trioxide,MoO3
Molybdenum disulfide,MoS2
Molybdenum hexacarbonyl,C6O6Mo
Molybdic acid,H2MoO4
Neodymium(III) chloride,NdCl3
Nessler's reagent,K2[HgI4]
Nickel(II) carbonate,NiCO3
Nickel(II) hydroxide,Ni(OH)2
Nickel(II) nitrate,Ni(NO3)2
Nickel(II) oxide,NiO
Niobium oxychloride,NbOCl3
Niobium pentachloride,NbCl5
Nitric acid,HNO3
Nitrogen monoxide,NO
Nitrogen dioxide,NO2
Nitrosylsulfuric acid,NOHSO4
Osmium tetroxide (osmium(VIII) oxide),OsO4
Osmium trioxide (osmium(VI) oxide),OsO3
Oxybis(tributyltin),C24H54OSn2
Oxygen difluoride,OF2
Ozone,O3
Palladium(II) chloride,PdCl2
Palladium(II) nitrate,Pd(NO3)2
Pentaborane,B5H9
Pentasulfide antimony,Sb2S5
Perchloric acid,HClO4
Perchloryl fluoride,ClFO3
Persulfuric acid (Caro's acid),H2SO5
Perxenic acid,H4XeO6
Phenylarsine oxide,(C6H5)AsO
Phenylphosphine,C6H7P
Phosgene,COCl2
Phosphine,PH3
Phosphite,HPO32-
Phosphomolybdic acid,H3PMo12O40
Phosphoric acid,H3PO4
Phosphorous acid (Phosphoric(III) acid),H3PO3
Phosphorus pentabromide,PBr5
Phosphorus pentafluoride,PF5
Phosphorus pentasulfide,P4S10
Phosphorus pentoxide,P2O5
Phosphorus sesquisulfide,P4S3
Phosphorus tribromide,PBr3
Phosphorus trichloride,PCl3
Phosphorus trifluoride,PF3
Phosphorus triiodide,PI3
Phosphotungstic acid,H3PW12O40
Platinum(II) chloride,PtCl2
Platinum(IV) chloride,PtCl4
Plutonium(III) chloride,PuCl3
Plutonium dioxide (Plutonium(IV) oxide),PuO2
Potassium aluminium fluoride,KAlF4
Potassium borate,K2B4O7â€¢4H2O
Potassium bromide,KBr
Potassium calcium chloride,KCaCl3
Potassium carbonate,K2CO3
Potassium chlorate,KClO3
Potassium chloride,KCl
Potassium cyanide,KCN
Potassium ferrioxalate,K3[Fe(C2O4)3]
Potassium hydrogencarbonate,KHCO3
Potassium hydrogen fluoride,HF2K
Potassium hydroxide,KOH
Potassium iodide,KI
Potassium iodidate,KIO3
Potassium monopersulfate,K2SO4Â·KHSO4Â·2KHSO5
Potassium nitrate,KNO3
Potassium perbromate,KBrO4
Potassium perchlorate,KClO4
Potassium permanganate,KMnO4
Potassium sulfate,K2SO4
Potassium sulfide,K2S
Potassium titanyl phosphate,KTiOPO4
Potassium vanadate,KVO3
Praseodymium(III) chloride,PrCl3
Protonated molecular hydrogen,H3+
Prussian blue (Iron(III) hexacyanoferrate(II)),Fe4[Fe(CN)6]3
Pyrosulfuric acid,H2S2O7
Radium chloride,RaCl2
Radon difluoride,RnF2
Rhodium(III) chloride,RhCl3
Rubidium bromide,RbBr
Rubidium chloride,RbCl
Rubidium fluoride,RbF
Rubidium hydroxide,RbOH
Rubidium iodide,RbI
Rubidium nitrate,RbNO3
Rubidium oxide,Rb2O
Rubidium telluride,Rb2Te
Ruthenium(VIII) oxide,RuO4
Samarium(II) iodide,SmI2
Samarium(III) chloride,SmCl3
Scandium(III) triflate,Sc(OSO2CF3)3
Scandium(III) chloride,ScCl3 and hydrate
Scandium(III) fluoride,ScF3
Scandium(III) nitrate,Sc(NO3)3
Scandium(III) oxide,Sc2O3
Selenic acid,H2SeO4
Selenious acid,H2SeO3
Selenium trioxide,SeO3
Selenium tetrafluoride,SeF4
Selenium hexafluoride,SeF6
Selenium hexasulfide,Se2S6
Selenium tetrachloride,SeCl4
Selenium dioxide,SeO2
Selenium disulfide,SeS2
Selenium oxydichloride,SeOCl2
Selenium oxybromide,SeOBr2
Selenoyl fluoride,SeO2F2
Samarium(III) chloride,SmCl3
Scandium(III) triflate,Sc(OSO2CF3)3
Scandium(III) chloride,ScCl3 and hydrate
Scandium(III) fluoride,ScF3
Scandium(III) nitrate,Sc(NO3)3
Scandium(III) oxide,Sc2O3
Silane,SiH4
Silica gel,SiO2Â·nH2O
Silicic acid,[SiOx(OH)4-2x]n
Silicon tetrabromide,SiBr4
Silicon carbide,SiC
Silicochloroform, Trichlorosilane,Cl3HSi
Silicofluoric acid,H2SiF6
Silicon dioxide,SiO2
Silicon tetrachloride,SiCl4
Silicon monoxide,SiO
Silicon nitride,Si3N4
Silver azide,AgN3
Silver bromate,AgBrO3
Silver bromide,AgBr
Silver chloride,AgCl
Silver chlorate,AgClO3
Silver chromate,Ag2CrO4
Silver(I) fluoride,AgF
Silver(II) fluoride,AgF2
Silver subfluoride,Ag2F
Silver fluoroborate,AgBF4
Silver fulminate,AgCNO
Silver hydroxide,AgOH
Silver iodide,AgI
Silver nitrate,AgNO3
Silver nitride,Ag3N
Silver oxide,Ag2O
Silver orthophosphate,Ag3PO4
Silver perchlorate,AgClO4
Silver sulfide,Ag2S
Silver sulfate,Ag2SO4
Sodamide,NaNH2
Sodium aluminate,NaAlO2
Sodium azide,NaN3
Sodium borohydride,NaBH4
Sodium bromide,NaBr
Sodium bromite,NaBrO2
Sodium bromate,NaBrO3
Sodium perbromate,NaBrO4
Sodium hypobromite,NaBrO
Sodium borate,Na2B4O7
Sodium perborate,NaBO3.nH2O
Sodium carbonate,Na2CO3
Sodium carbide,Na2C2
Sodium chloride,NaCl
Sodium chlorite,NaClO2
Sodium chlorate,NaClO3
Sodium perchlorate,NaClO4
Sodium cyanide,NaCN
Sodium cyanate,NaCNO
Sodium dioxide,NaO2
Sodium ferrocyanide,Na4Fe(CN)6
Sodium hydride,NaH
Sodium hydrogen carbonate (Sodium bicarbonate),NaHCO3
Sodium hydrosulfide,NaSH
Sodium hydroxide,NaOH
Sodium hypochlorite,NaOCl
Sodium iodide,NaI
Sodium iodate,NaIO3
Sodium periodate,NaIO4
Sodium hypoiodite,NaIO
Sodium monofluorophosphate (MFP),Na2PFO3
Sodium molybdate,Na2MoO4
Sodium manganate,Na2MnO4
Sodium nitrate,NaNO3
Sodium nitrite,NaNO2
Sodium oxide,Na2O
Sodium percarbonate,2Na2CO3.3H2O2
Sodium phosphate; see Trisodium phosphate,Na3PO4
Sodium hypophosphite,NaPO2H2
Sodium nitroprusside,Na2[Fe(CN)5NO].2H2O
Sodium persulfate,Na2S2O8
Sodium peroxide,Na2O2
Sodium perrhenate,NaReO4
Sodium permanganate,NaMnO4
Sodium persulfate,Na2S2O8
Sodium selenite,Na2SeO3
Sodium selenate,Na2O4Se
Sodium selenide,Na2Se
Sodium biselenide,NaHSe
Sodium silicate,Na2SiO3
Sodium sulfate,Na2SO4
Sodium sulfide,Na2S
Sodium sulfite,Na2SO3
Sodium tellurite,Na2TeO3
Sodium tungstate,Na2WO4
Sodium thioantimoniate,Na3(SbS4).9H2O
Sodium thiocyanate,NaSCN
Sodium thiocyanate,Na2S2O3
Sodium uranate,Na2O7U2
Stannous chloride (tin(II) chloride),SnCl2
Stibine,SbH3
Strontium carbonate,SrCO3
Strontium chloride,SrCl2
Strontium hydroxide,Sr(OH)2
Strontium nitrate,Sr(NO3)2
Strontium oxide,SrO
Strontium titanate,SrTiO3
Sulfamic acid,H3NO3S
Sulfane,H2S
Sulfur dioxide,SO2
Sulfur tetrafluoride,SF4
Sulfur hexafluoride,SF6
Disulfur decafluoride,S2F10
Sulfuric acid,H2SO4
Sulfurous acid,H2SO3
Sulfuryl chloride,SO2Cl2
Tantalum carbide,TaC
Tantalum(V) oxide,Ta2O5
Telluric acid,H6TeO6
Tellurium dioxide,TeO2
Tellurium tetrachloride,TeCl4
Tellurous acid,H2TeO3
Terbium(III) chloride,TbCl3
Tetraborane(10),B4H10
Tetrachloroauric acid,AuCl3
Tetrafluorohydrazine,N2F4
Tetramminecopper(II) sulfate,[Cu(NH3)4]SO4
Tetrasulfur tetranitride,S4N4
Thallium(I) carbonate,Tl2CO3
Thallium(I) fluoride,TlF
Thallium(III) oxide,Tl2O3
Thallium(III) sulfate,Tl2(SO4)2
Thionyl chloride,SOCl2
Thiophosgene,CSCl2
Thiophosphoryl chloride,Cl3PS
Thorium dioxide,ThO2
Thulium(III) chloride,TmCl3
Tin(II) chloride,SnCl2
Tin(II) fluoride,SnF2
Tin(IV) chloride,SnCl4
Titanium boride,TiB2
Titanium carbide,TiC
Titanium dioxide (titanium(IV) oxide),TiO2
Titanium dioxide (B) (titanium(IV) oxide),TiO2
Titanium nitride,TiN
Titanium(IV) bromide (titanium tetrabromide),TiBr4
Titanium(IV) chloride (titanium tetrachloride),TiCl4
Titanium(III) chloride,TiCl3
Titanium(II) chloride,TiCl2
Titanium(IV) iodide (titanium tetraiodide),TiI4
Trifluoromethylisocyanide,C2NF3
Trifluoromethanesulfonic acid,CF3SO3H
Trimethylphosphine,C3H9P
Trioxidane,H2O3
Tripotassium phosphate,K3PO4
Trisodium phosphate,Na3PO4
Triuranium octaoxide (pitchblende or yellowcake),U3O8
Tungsten carbide,WC
Tungsten(VI) chloride,WCl6
Tungsten(VI) Fluoride,WF6
Tungstic acid,H2WO4
Tungsten hexacarbonyl,W(CO)6
Uranium hexafluoride,UF6
Uranium pentafluoride,UF5
Uranium tetrachloride,UCl4
Uranium tetrafluoride,UF4
Uranyl carbonate,UO2CO3
Uranyl chloride,UO2Cl2
Uranyl fluoride,UO2F2
Uranyl hydroxide,UO2(OH)2
Uranyl hydroxide,(UO2)2(OH)4
Uranyl nitrate,UO2(NO3)2
Uranyl sulfate,UO2SO4
Vanadium carbide,VC
Vanadium oxytrichloride (Vanadium(V) oxide trichloride),VOCl3
Vanadium(IV) chloride,VCl4
Vanadium(II) chloride,VCl2
Vanadium(II) oxide,VO
Vanadium(III) nitride,VN
Vanadium(III) bromide,VBr3
Vanadium(III) chloride,VCl3
Vanadium(III) fluoride,VF3
Vanadium(IV) fluoride,VF4
Vanadium(III) oxide,V2O3
Vanadium(IV) oxide,VO2
Vanadium(IV) sulfate,VOSO4
Vanadium(V) oxide,V2O5
Water,H2O
Xenon difluoride,XeF2
Xenon hexafluoroplatinate,Xe[PtF6]
Xenon tetrafluoride,XeF4
Xenon tetroxide,XeO4
Xenic acid,H2XeO4
Ytterbium(III) chloride,YbCl3
Ytterbium(III) oxide,Yb2O3
Yttrium(III) antimonide,YSb
Yttrium(III) arsenide,YAs
Yttrium(III) bromide,YBr3
Yttrium aluminium garnet,Y3Al5O12
Yttrium barium copper oxide,YBa2Cu3O7
Yttrium(III) fluoride,YF3
Yttrium iron garnet,Y3Fe5O12
Yttrium(III) oxide,Y2O3
Yttrium(III) sulfide,Y2S3
Yttrium copper,YCu
Yttrium silver,YAg
Yttrium gold,YAu
Yttrium rhodium,YRh
Yttrium iridium,YIr
Yttrium zinc,YZn
Yttrium cadmium,YCd
Yttrium magnesium,YMg
Zinc bromide,ZnBr2
Zinc carbonate,ZnCO3
Zinc chloride,ZnCl2
Zinc cyanide,Zn(CN)2
Zinc fluoride,ZnF2
Zinc iodide,ZnI2
Zinc oxide,ZnO
Zinc selenide,ZnSe
Zinc sulfate,ZnSO4
Zinc sulfide,ZnS
Zinc telluride,ZnTe
Zirconia hydrate,ZrO2Â·nH2O
Zirconium carbide,ZrC
Zirconium(IV) chloride,ZrCl4
Zirconium nitride,ZrN
Zirconium hydroxide,Zr(OH)4
Zirconium(IV) oxide,ZrO2
Zirconium orthosilicate,ZrSiO4
Zirconium tetrahydroxide,H4O4Zr
Zirconium tungstate,ZrW2O8
Actinium(III) oxide,Ac2O3
Silver tetrafluoroborate,AgBF4
Silver bromide,AgBr
Silver bromate,AgBrO3
Silver chloride,AgCl
Dicopper silver trichloride,AgCl3Cu2
Silver chlorate,AgClO3
Silver perchlorate,AgClO4
Silver cyanide,AgCN
Silver fluoride,AgF
Silver(II) fluoride,AgF2
Silver iodide,AgI
Silver iodate,AgIO3
Silver permanganate,AgMnO4
Silver azide,AgN3
Silver nitrate,AgNO3
Silver oxide,Ag2O
Silver monoxide,AgO
Silver fulminate,AgONC
Silver hexafluorophosphate,AgPF6
Silver thiocyanate,AgSNC
Silver acetylide,Ag2C2
Silver(I) carbonate,Ag2CO3
Silver oxalate,Ag2C2O4
Silver(II) dichloride,Ag2Cl2
Silver chromate,Ag2CrO4
Silver dichromate,Ag2Cr2O7
Silver subfluoride,Ag2F
Silver molybdate,Ag2MoO4
Silver(I) oxide,Ag2O
Silver sulfide,Ag2S
Silver sulfate,Ag2SO4
Silver selenide,Ag2Se
Silver selenite,Ag2SeO3
Silver selenate,Ag2SeO4
Silver(I) telluride,Ag2Te
Silver dibromide,Ag3Br2
Silver tribromide,Ag3Br3
Silver(III) trichloride,Ag3Cl3
Silver(III) triiodide,Ag3I3
Silver phosphate,Ag3PO4
Aluminium boron oxide,AlBO
Aluminium borate,AlBO2
Aluminium monobromide,AlBr
Aluminium tribromide,AlBr3
Aluminium monochloride,AlCl
Aluminium chloride fluoride,AlClF
Aluminium chloride fluoride,AlClF
Aluminium chloride fluoride,AlClF2
Aluminium chloride oxide,AlClO
Dichloroalumane,AlCl2H
Aluminium chloride,AlCl3
Aluminium chloride fluoride,AlCl2F
Aluminium trichloride,AlCl3
Aluminium caesium tetrachloride,AlCl4Cs
Potassium tetrachloroaluminate,AlCl4K
Sodium tetrachloroaluminate,AlCl4Na
Aluminium rubidium tetrachloride,AlCl4Rb
Potassium hexachloroaluminate,AlCl6K3
Sodium hexachloroaluminate,AlCl6Na3
Aluminium monofluoride,AlF
Aluminium monofluoride monoxide,AlFO
Aluminium difluoride,AlF2
Aluminium difluoride oxide,AlF2O
Aluminium trifluoride,AlF3
Potassium tetrafluoroaluminate,AlF4K
Lithium tetrafluoroaluminate,AlF4Li
Potassium hexafluoraluminate,AlF6K3
Lithium hexafluoroaluminate,AlF6Li3
Cryolite,AlF6Na3
Aluminium-gallium-indium phosphide,AlGaInP
Aluminium hydroxide,Al(OH)3
Aluminium monoiodide,AlI
Aluminium triiodide,AlI3
Lithium aluminate,AlLiO2
Aluminium nitride,AlN
Aluminium nitrite,Al(NO2)3
Aluminium nitrate,Al(NO3)3
Sodium aluminate,AlNaO2
Aluminium monoxide,AlO
Aluminium silicon monoxide,AlOSi
Aluminium(IV) oxide,AlO2
Aluminium monophosphide,AlP
Aluminium phosphate,AlPO4
Aluminium monotelluride,AlTe
Monoaluminium ditelluride,AlTe2
Beryllium aluminium oxide,Al2BeO4
Dialuminium hexabromide,Al2Br6
Aluminium carbonate,Al2(CO3)3
Potassium aluminium chloride,Al2Cl9K3
Cobalt blue,Al2CoO4
Aluminium fluoride,Al2F6
Aluminium iodide,Al2I6
Magnesium aluminium oxide,Al2MgO4
Dialuminium monoxide,Al2O
Dialuminium dioxide,Al2O2
Aluminium oxide,Al2O3
Aluminium silicate,Al2O5Si
Aluminium silicate,Al2O5Si
Andalusite,Al2O5Si
Aluminium silicate,Al2O7Si2
Dialuminium monosulfide,Al2S
Aluminium sulfide,Al2S3
Aluminium sulfate,Al2(SO4)3
Dialuminium selenide,Al2Se
Dialuminium telluride,Al2Te
Chiolite,Al3F14Na5
Aluminium carbide,Al4C3
Beryllium aluminium oxide,Al6BeO10
Mullite,Al6O13Si2
Argon chloride fluoride,ArClF
Argon chloride hydride,ArClH
Argon fluoride hydride,ArFH
Arsenic oxybromide,AsBrO
Arsenic tribromide,AsBr3
Arsenic monoxide monochloride,AsClO
Arsenic trichloride,AsCl3
Arsenic oxychloride,AsCl3O
Arsenic tetrachloride fluoride,AsCl4F
Arsenic trifluoride,AsF3
Arsenic pentafluoride,AsF5
Arsine,AsH3
Arsenic triiodide,AsI3
Arsenic monoxide,AsO
Arsenic dioxide,AsO2
Arsenic monophosphide,AsP
Arsenic triphosphide,AsP3
Thallium arsenide,AsTl
Arsenic diiodide,As2I4
Arsenic trioxide,As2O3
Arsenic diphosphide,As2P2
Arsenic pentoxide,As2O5
Arsenic tetrasulfide,As2S4
Arsenic pentasulfide,As2S5
Arsenic hemiselenide,As2Se
Arsenic triselenide,As2Se3
Arsenic pentaselenide,As2Se5
Arsenic tetraoxide,As3O4
Arsenic(III) phosphide,As3P
Tetraarsenic trioxide,As4O3
Tetraarsenic pentaoxide,As4O5
Tetraarsenic trisulfide,As4S3
Tetraarsenic tetrasulfide,As4S4
Gold monoboride monoxide,AuBO
Gold bromide,AuBr
Gold tribromide,AuBr3
Gold cyanide,AuCN
Gold chloride,AuCl
Gold trichloride,AuCl3
Gold trifluoride,AuF3
Gold iodide,AuI
Gold(III) iodide,AuI3
Gold hydroxide,Au(OH)3
Gold telluride,AuTe
Gold trioxide,Au2O3
Gold sulfide,Au2S
Gold trisulfide,Au2S3
Gold triselenate,Au2(SeO4)3
Gold triselenide,Au2Se3
Boron arsenide,BAs
Boron(III) arsenate,BAsO4
Boron tribromide,BBr3
Boron trichloride,BCl3
Boron trifluoride,BF3
Boron iodide,BI3
Boron nitride,BN
Boron nitrite,B(NO2)3
Boron nitrate,B(NO3)3
Boric acid,B(OH)3
Boron(III) phosphide,BP
Boron(III) orthophosphate,BPO4
Boron chloride,B2Cl4
Boron trifluoride,B2F4
Boron hydride,B2H6
Boron(III) oxide,B2O3
Boron sulfide,B2S3
Borazine,B3N3H6
Boron carbide,B4C
Barium aluminate,Ba(AlO2)2
Barium arsenite,Ba(AsO3)2
Barium arsenate,Ba(AsO4)2
Barium hexaboride,BaB6
Barium bromate monohydrate,Ba(BrO3)2Â·H2O
Barium bromate dihydrate,Ba(BrO3)2Â·2H2O
Barium bromide,BaBr2
Barium formate,Ba(CHO2)2
Barium acetate,Ba(C2H3O2)2
Barium cyanide,Ba(CN)2
Barium oxalate,BaC2O4
Barium carbide,BaC2
Barium carbonate,BaCO3
Barium perchlorate,Ba(ClO4)2
Barium chloride,BaCl2
Barium chromate,BaCrO4
Barium fluoride,BaF2
Gillespite,BaFeSi4O10
Barium tetraiodomercurate(II),BaHgI4
Barium iodide,BaI2
Barium potassium chromate,BaK2(CrO4)2
Barium manganate,BaMnO4
Barium permanganate,Ba(MnO4)2
Barium molybdate,BaMoO4
Barium azide,BaN6
Barium nitrite,Ba(NO2)2
Barium nitrate,Ba(NO3)2
Barium niobate,Ba(NbO3)2
Barium metaniobate,BaNb2O6
Barium oxide,BaO
Barium hydroxide,Ba(OH)2
Barium peroxide,BaO2
Barium metaphosphate,Ba(PO3)2
Barium sulfide,BaS
Barium thiocyanate,Ba(SCN)2
Barium thiosulfate,BaS2O3
Barium hexafluorosilicate,BaSiF6
Barium sulfite,BaSO3
Barium sulfate,BaSO4
Barium selenide,BaSe
Barium selenite,BaSeO3
Barium selenate,BaSeO4
Barium metasilicate,BaSiO3
Barium silicide,BaSi2
Barium disilicate,BaSi2O5
Barium stannate,BaSn3
Barium tellurite,BaTeO3
Barium tellurate trihydrate,BaTeO4Â·3H2O
Barium titanate,BaTiO3
Barium uranium oxide,BaU2O7
Barium tungstate,BaWO4
Barium zirconate,BaZrO3
Barium sodium niobate,Ba2Na(NbO3)5
Barium pyrophosphate,Ba2P2O7
Barium pyrovanadate,Ba2V2O7
Barium perxenate,Ba2XeO6
Barium chromate(V),Ba3(CrO4)2
Barium nitride,Ba3N2
Barium orthophosphate,Ba3(PO4)2
Barium orthovandate,Ba3(VO4)2
Beryllium boride,BeB2
Beryllium borohydride,Be(BH4)2
Beryllium bromide,BeBr2
Beryllium formate,Be(CHO2)2
Beryllium carbonate,BeCO3
Beryllium acetate,Be(C2H3O2)2
Beryllium acetylacetonate,Be(C5H7O2)2
Beryllium chloride,BeCl2
Beryllium hypochlorite,Be(ClO)2
Beryllium chlorate,Be(ClO3)2
Beryllium perchlorate,Be(ClO4)2
Beryllium fluoride,BeF2
Beryllium iodide,BeI2
Beryllium nitrite,Be(NO2)2
Beryllium nitrate,Be(NO3)2
Beryllium oxide,BeO
Beryllium hydroxide,Be(OH)2
Beryllium sulfide,BeS
Beryllium sulfite,BeSO3
Beryllium sulfate,BeSO4
Beryllium carbide,Be2C
Beryllium nitride,Be3N2
Bismuth(III) orthoborate,BiBO3
Bismuth(III) bromide,BiBr3
Bismuth(III) acetate,Bi(C2H3O2)3
Bismuth(III) citrate,BiC6H5O7
Bismuth(III) chloride,BiCl3
Bismuth(III) fluoride,BiF3
Bismuth(III) iodide,BiI3
Bismuth(III) nitrate pentahydrate,Bi(NO3)3Â·5H2O
Bismuth(III) oxychloride,BiOCl
Bismuth(III) oxyiodide,BiOI
Bismuth oxycarbonate,(BiO)2CO3
Bismuth(III) orthophosphate,BiPO4
Bismuth(III) metavanadate,Bi(VO3)5
Bismuth(III) selenide,Bi2Se3
Bismuth(III) molybdate,Bi2(MoO4)3
Bismuth(III) oxide,Bi2O3
Bismuth(III) sulfide,Bi2S3
Bismuth(III) selenide,Bi2Se3
Bromine chloride,BrCl
Bromate ion,BrO3-
Bromine,Br2
Dibromine pentoxide,Br2O5
Dichlorodifluoromethane,CCl2F2
Carbon tetrachloride,CCl4
Freon-11,CFCl3
Freon-13,CFCl2CF2Cl
Methyl trichloride,CHCl3
Formate ion,CHO2-
Ketene,CH2CO
Ethenol,CH2CHOH
Chloroacetic acid,CH2ClCOOH
Dichloromethane,CH2Cl2
Formaldehyde,CH2O
Methanediol,CH2(OH)2
Ethylene glycol,CH2OHCH2OH
Propyne,CH3CCH
2-butene,CH3CHCHCH3
Propene,CH3CHCH2
Acetaldehyde,CH3CHO
Bromoethane,CH3CH2Br
Butan-1-ol,CH3CH2CH2CH2OH
1-propanol,CH3CH2CH2OH
Propanamide,CH3CH2CONH2
Propionic acid,CH3CH2COOH
Diethyl ether,CH3CH2OCH2CH3
Ethanol,CH3CH2OH
Stearic acid,CH3(CH2)16COOH
Acetone,CH3COCH3
Acetyl chloride,CH3COCl
Acetamide,CH3CONH2
Acetate ion,CH3COO-
Vinyl acetate,CH3COOCHCH2
Benzyl acetate,CH3COOCH2C6H5
Isoamyl acetate,CH3COO(CH2)2CH(CH3)2
Acetic acid,CH3COOH
Sodium acetate,CH3COONa
Potassium acetate,CH3COOK
Rubidium acetate,CH3COORb
Caesium acetate,CH3COOCs
Acetic anhydride,(CH3CO)2O
Chloromethane,CH3Cl
Iodomethane,CH3I
Dimethyl ether,CH3OCH3
Caesium methoxide,CH3OCs
Methanol,CH3OH
Potassium methoxide,CH3OK
Lithium methoxide,CH3OLi
Sodium methoxide,CH3ONa
Rubidium methoxide,CH3ORb
Dimethyl sulfide,CH3SCH3
Methanethiol,CH3SH
Isopropyl alcohol,(CH3)2CHOH
Acetone,(CH3)2CO
Dimethyl oxalate,(CH3)2C2O4
Dimethyl hydrazine,(CH3)2NNH2
Dimethylsulfoniopropionate,(CH3)2S+CH2CH2COO-
T-butyl chloride,(CH3)3CCl
T-butyl alcohol,(CH)3COH
Di-t-butyl peroxide,(CH3)3COOC(CH3)3
Methane,CH4
Hydroxycarbamide,CH4N2O2
Cyanide ion,CN-
Cyanogen,(CN)2
Guanidine nitrate,C(NH2)3NO3
Cyanate ion,CNO-
Carbon monoxide,CO
Phosgene,COCl2
Carbon dioxide,CO2
Carbon trioxide,CO3
Carbonate ion,CO32-
Carbon disulfide,CS2
Tetrafluoroethylene,C2F4
Acetylene,C2H2
Vinyl chloride,C2H3Cl
Acetate ion,C2H3O2-
Ethylene,C2H4
Ethylene dichloride,C2H4Cl2
Acetic acid,C2H4O2
Bromoethane,C2H5Br
Ethylamine,C2H5NH2
Glycine,C2H5NO2
Ethoxide ion,C2H5O-
Ethanol,C2H5OH
Diethylamine,(C2H5)2NH
Caesium ethoxide,C2H5OCs
Potassium ethoxide,C2H5OK
Sodium ethoxide,C2H5ONa
Rubidium ethoxide,C2H5ORb
Ethane,C2H6
Dimethyl sulfoxide,C2H6OS
Taurine,C2H7NO3S
Oxalate ion,C2O42-
Malonate ion,C3H3O4-
Imidazole,C3H4N2
Aminothiazole,C3H4N2S
Pyruvic acid,C3H4O3
Malonic acid,C3H4O4
3-amino-1H-pyrazole,C3H5N3
Nitroglycerine,C3H5N3O9
Propylene,C3H6
Î±-alanine,C3H7NO2
Cysteine,C3H7NO2S
52-90-4,Cys
Serine,C3H7NO3
Propane,C3H8
Propanol,C3H8O
Glycerol,C3H8O3
Cyanuric acid,C3N3(OH)3
Cyanuric triazide,C3N12
5-bromo-2-chloropyrimidine,C4H2BrClN2
Fluorouracil,C4H3FN2O2
Flucytosine,C4H4FN3O
Uracil,C4H4N2O2
3-aminopyrazole-4-carbonitrile,C4H4N4
Cytosine,C4H5N3O
Methimazole,C4H6N2S
Succinic acid,C4H6O4
2-bromobutyric acid,C4H7BrO2
1-aminocyclopropanecarboxylic acid,C4H7NO2
Aspartic acid,C4H7NO4
Cyclobutane,C4H8
Asparagine,C4H8N2O3
Tetrahydrofuran,C4H8O
Ethyl acetate,C4H8O2
Î³-aminobutyric acid,C4H9NO2
Threonine,C4H9NO3
Butyl alcohol,C4H9OH
Butane,C4H10
Diethyl ether,C4H10O
2-bromo-5-nitropyridine,C5H3BrN2O2
2-chloro-5-nitropyridine,C5H3ClN2O2
6-chloropurine,C5H3ClN4
Niacin,C5H4NCOOH
Pyrazinoic acid,C5H4N2O2
Orotic acid,C5H4N2O4
Allopurinol,C5H4N4O
Xanthine,C5H4N4O2
Mercaptopurine,C5H4N4S
B-thiophenic acid,C5H4O2S
Cyclopentadienyl anion,C5H5-
2-amino-5-bromopyridine,C5H5BrN2
2-amino-4-chloropyridine,C5H5ClN2
2-amino-5-iodopyridine,C5H5IN2
Pyridine,C5H5N
2-pyridone,C5H5NO
Pyrazinamide,C5H5N3O
2-amino-nitropyridine,C5H5N3O2
Adenine,C5H5N5
Guanine,C5H5N5O
3-pyridinylboronic acid,C5H6BNO2
4-aminopyridine,C5H6N2
2-amino-3-hydroxypyridine,C5H6N2O
Methylthiouracil,C5H6N2OS
Thymine,C5H6N2O2
Î±-Ketoglutaric acid,C5H6O5
Proline,C5H9NO2
Glutamic acid,C5H9NO4
Cyclopentane,C5H10
Glutamine,C5H10N2O3
56-85-9,Gln
Deoxyribose,C5H10O4
Valine,C5H11NO2
Methionine,C5H11NO2S
Pentane,C5H12
Pentafluorobenzoic acid,C6F5COOH
5-bromonicotinic acid,C6H4BrNO2
2-chloronicotinic acid,C6H4ClNO2
6-chloro-7-dezapurine,C6H4ClN3
6-chloro-2-pyridinecarboxylic acid,C6H4ClNO2
Orthobenzoquinone,C6H4O2
Benzaldehyde,C6H5CHO
Benzyl alcohol,C6H5CH2OH
Benzoyl chloride,C6H5COCl
Benzoate ion,C6H5COO-
Benzoic acid,C6H5COOH
Fluorobenzene,C6H5F
Picolinic acid,C6H5NO2
4-nitrophenol,C6H5NO3
Phenol,C6H5OH
Citrate ion,C6H5O73-
Tetraphenylgermane,(C6H5)4Ge
Benzene,C6H6
4-chlorophenylboronic acid,C6H6BClO2
4-fluorophenylboronic acid,C6H6BFO2
4-iodoaniline,C6H6IN
Nicotinamide,C6H6N2O
6-aminonicotinic acid,C6H6N2O2
Phenol,C6H6O
Benzenediols,C6H6O2
Hydroxymethylfurfural,C6H6O3
Phenylboronic acid,C6H7BO2
Isoniazid,C6H7N3O
2-amino-3-methylpyridine,C6H8N2
Ethyl 2-aminothiazole-4-carboxylate,C6H8N2O2S
Citric acid,C6H8O7
Histidine,C6H9N3O2
Metronidazole,C6H9N3O3
Ethyl acetoacetate,C6H10O3
Cycloleucine,C6H11NO2
Cyclohexane,C6H12
N-ethylmorpholine,C6H13NO
Aminocaproic acid,C6H13NO2
Hexane,C6H14
Lysine,C6H14N2O2
56-87-1,Lys
Arginine,C6H14N4O2
74-79-3,Arg
4-fluorobenzoic acid,CHH5FO2
Quinolinic acid,C7H5NO4
2-mercaptobenzothiazole,C7H5NS2
7-nitroindazole,C7H5N3O2
7-azaindole,C7H6N2
Benzoic acid,C7H6O2
Salicylic acid,C7H6O3
Protocatechuic acid,C7H6O4
Gallic acid,C7H6O5
4-carboxyphenylboronic acid,C7H7BO4
4-aminobenzoic acid,C7H7NO2
Mesalazine,C7H7NO3
Benomyl metabolite,C7H7N3
Toluene,C7H8
Hydrochlorothiazide,C7H8ClN3O4S2
Theophylline,C7H8N4O2
4-methylphenylboronic acid,C7H9BO2
4-boronoanisole,C7H9BO3
4-dimethylaminopyridine,C7H10N2
Heptane,C7H16
Riluzole,C8H5F3N2OS
Isatin,C8H5NO2
5-bromoindole,C8H6BrN
4-chloroindole,C8H6ClN
4-quinazolinol,C8H6N2O
Indazolium-3-carboxylate,C8H6N2O2
Indole,C8H7N
Oxindole,C8H7NO
Cubane,C8H8
2-amino-6-methoxybenzothiazole,C8H8N2OS
Isovanillin,C8H8O3
Vanillic acid,C8H8O4
Acetaminophen,C8H9NO2
Aminomethylbenzoic acid,C8H9NO2
Hydroxydanaidal,C8H9NO2
Methyl anthranilate,C8H9NO2
Caffeine,C8H10N4O2
Tyramine,C8H11NO
Aciclovir,C8H11N5O3
Octane,C8H18
4-bromoisoquinoline,C9H6BrN
5-cyanoindole,C9H6N2
Umbelliferone,C9H6O3
8-hydroxyquinoline,C9H7NO
Indole-2-carboxylic acid,C9H7NO2
5-aminoisoquinoline,C9H8N2
Cinnamic acid,C9H8O2
Coumaric acids,C9H8O3
Aspirin,C9H8O4
Methylketol,C9H9N
4-methoxyindole,C9H9NO
Hippuric acid,C9H9NO3
Paeonol,C9H10O3
Phenylanine,C9H11NO2
Tyrosine,C9H11NO3
L-DOPA,C9H11NO4
Gabapentin,C9H17NO2
1-boc-piperazine,C9H18N2O2
Nonane,C9H20
Quinaldic acid,C10H7NO2
Naphthalene,C10H8
Hymecromone,C10H8O3
Indole-3-acetic acid,C10H9NO2
Kinetin,C10H9N5O
5-methoxyindole-3-carboxaldehyde,C10H9NO2
Edaravone,C10H10N2O
Ferulic acid,C10H10O4
Sulfamethoxazole,C10H11N3O3S
Tryptamine,C10H12N2
Adenosine,C10H13N5O4
Mentha spicata herb oil,C10H14O
Ephedrine,C10H15ON
Camphor,C10H16O
Boc-4-piperidone,C10H17NO3
1-boc-4-piperidinol,C10H19NO3
Boc-4-aminopiperidine,C10H20N2O2
Decane,C10H22
Menadione,C11H8O2
3-indolepropionic acid,C11H11NO2
Tryptophan,C11H12N2O2
5-methoxytryptamine,C11H14N2O
Boc-isonipecotic acid,C11H19NO4
Undecane,C11H24
Methoxsalen,C12H8O4
Biphenyl,C12H10
Furosemide,C12H10ClN2O5S
6-benzylaminopurine,C12H11N5
1-benzyl-4-piperidone,C12H15NO
Maltose,C12H22O11
Indole-3-butyric acid,C12H13NO2
Propofol,C12H18O
Dodecane,C12H26
Benzophenone,C13H10O
Fluconazole,C13H12F2N6O
Î²-ionone,C13H12O
Monobenzene,C13H12O2
Melatonin,C13H16N2O2
Ibuprofen,C13H18O2
Tridecane,C13H28
Anthracene,C14H10
Benzoyl peroxide,C14H10O14
Resveratrol,C14H12O3
Aspartame,C14H18N2O5
Trimethoprim,C14H18N4O3
Tetradecane,C14H30
Daidzein,C15H10O4
Apigenin,C15H10O5
Luteolin,C15H10O6
Quercetin,C15H10O7
Carbamazepine,C15H12N2O
Phenytoin,C15H12N2O2
Pentadecane,C15H32
Hexadecane,C16H34
Celecoxib,C17H14F3N3O2S
Nifedipine,C17H18N2O6
Omeprazole,C17H19N3O3S
Heptadecane,C17H36
Capsaicin,C18H27NO3
Linoleic acid,C18H32O2
Stearic acid,C18H36O2
Octadecane,C18H38
Indometacin,C19H16ClNO4
Nonadecane,C19H40
Quinine,C20H24O2N2
Tretinoin,C20H28O2
Eicosane,C20H42
Coenzyme A,C21H36N7O16P3S
Tetrahydrocannabinol,C21H30O2
Loratadine,C22H23ClN2O2
Maitotoxin,C164H256Na2O68S2
Calcium boride,CaB6
Calcium bromide,CaBr2
Calcium cyanide,Ca(CN)2
Calcium carbonate,CaCO3
Calcium carbide,CaC2
Calcium formate,Ca(CHO2)2
Calcium acetate,Ca(C2H3O2)2
Calcium oxalate,CaC2O4
Calcium cyanamide,CaCN2
Calcium chloride,CaCl2
Calcium hypochlorite,Ca(ClO)2
Calcium chlorate,Ca(ClO3)2
Calcium perchlorate,Ca(ClO4)2
Calcium fluoride,CaF2
Calcium hydride,CaH2
Calcium hypophosphite,Ca(H2PO2)2
Calcium iodide,CaI2
Calcium iodate,Ca(IO3)2
Calcium molybdate,CaMoO4
Calcium nitrite,Ca(NO2)2
Calcium nitrate,Ca(NO3)2
Calcium nitrate tetrahydrate,Ca(NO3)2 Â· 4H2O
Calcium metaniobate,Ca(NbO3)2
Calcium oxide,CaO
Calcium hydroxide,Ca(OH)2
Calcium peroxide,CaO2
Calcium monophosphide,CaP
Calcium sulfide,CaS
Calcium sulfite,CaSO3
Calcium sulfate,CaSO4
Calcium sulfate hemihydrate,CaSO4 Â· 0.5H2O
Calcium selenide,CaSe
Calcium selenite,CaSeO3
Calcium selenate,CaSeO4
Calcium metasilicate,CaSiO3
Calcium telluride,CaTe
Calcium tellurite,CaTeO3
Calcium tellurate,CaTeO4
Calcium titanate,CaTiO3
Calcium metavanadate,Ca(VO3)2
Calcium orthovanadate,Ca(VO4)2
Calcium tungstate,CaWO4
Calcium nitride,Ca3N2
Calcium phosphide,Ca3P2
Cadmium bromide,CdBr2
Cadmium cyanide,Cd(CN)2
Cadmium carbonate,CdCO3
Cadmium acetate,Cd(C2H3O2)2
Cadmium oxalate,CdC2O4
Cadmium chloride,CdCl2
Cadmium chromate,CdCrO4
Cadmium fluoride,CdF2
Cadmium iodide,CdI2
Cadmium iodate,Cd(IO3)2
Cadmium molybdate,CdMoO4
Cadmium nitrate,Cd(NO3)2
Cadmium azide,Cd(N3)2
Cadmium oxide,CdO
Cadmium hydroxide,Cd(OH)2
Cadmium sulfide,CdS
Cadmium sulfite,CdSO3
Cadmium sulfate,CdSO4
Cadmium antimonide,CdSb
Cadmium selenide,CdSe
Cadmium selenite,CdSeO3
Cadmium metasilicate,CdSiO3
Cadmium metatantalate,Cd(TaO3)2
Cadmium telluride,CdTe
Cadmium tellurate,CdTeO4
Cadmium titanate,CdTiO3
Cadmium tungstate,CdWO4
Cadmium metazirconate,CdZrO3
Cadmium niobate,Cd2Nb2O7
Cadmium arsenide,Cd3As2
Cadmium phosphide,Cd3P2
Cadmium phosphate,Cd3(PO4)2
Cerium boride,CeB6
Cerium(III) bromide,CeBr3
Cerium carbide,CeC
Cerium(III) chloride,CeCl3
Cerium(III) fluoride,CeF3
Cerium(IV) fluoride,CeF4
Cerium(II) iodide,CeI2
Cerium(III) iodide,CeI3
Cerium nitride,CeN
Cerium(IV) oxide,CeO2
Cerium(II) sulfide,CeS
Cerium(IV) sulfate,Ce(SO4)2
Cerium silicide,CeSi2
Cerium(III) carbide,Ce2C3
Cerium(III) oxide,Ce2O3
Cerium(III) sulfide,Ce2S3
Tetrafluoromethane,CF4
Chlorine fluoride,ClF
Chlorine trifluoride,ClF3
Chlorine pentafluoride,ClF5
Chlorine perchlorate,ClOClO3
Chlorine dioxide,ClO2
Chlorine trioxide fluoride,ClO3F
Chlorine,Cl2
Chlorine trioxide,Cl2O3
Chlorine hexoxide,Cl2O6
Chlorine heptoxide,Cl2O7
Chlorine octaoxide,Cl2O8
Cobalt(II) aluminate,CoAl2O4
Cobalt arsenide,CoAs
Cobalt(II) arsenide,CoAs2
Cobalt(II) boride,CoB
Cobalt(II) bromide,CoBr2
Cobalt(II) cyanide,Co(CN)2
Cobalt(II) acetate,Co(C2H3O2)2
Cobalt(III) acetate,Co(C2H3O2)3
Cobalt(II) oxalate,CoC2O4
Cobalt(II) perchlorate,Co(ClO4)2
Cobalt(II) chloride,CoCl2
Cobalt(II) chromate,CoCrO4
Cobalt(II) chromite,CoCr2O4
Cobalt(II) fluoride,CoF2
Cobalt(III) fluoride,CoF3
Cobalt(II) iodate,Co(IO3)2
Cobalt(II) iodide,CoI2
Cobalt(II) molybdate,CoMoO4
Cobalt(II) nitrate,Co(NO3)2
Cobalt(III) nitrate,Co(NO3)3
Cobalt(II) oxide,CoO
Cobalt(II) hydroxide,Co(OH)2
Cobalt(III) hydroxide,Co(OH)3
Cobalt(II) sulfide,CoS
Cobalt disulfide,CoS2
Cobalt antimonide,CoSb
Cobalt(II) selenide,CoSe
Cobalt(II) selenite,CoSeO3
Cobalt(II) telluride,CoTe
Cobalt(II) titanate,CoTiO3
Cobalt(II) tungstate,CoWO4
Cobalt boride,Co2B
Cobalt(II) sulfate,Co2SO4
Cobalt(III) sulfide,Co2S3
Cobalt(II) orthosilicate,Co2SiO4
Cobalt(II) stannate,Co2SnO4
Cobalt(II) titanite,Co2TiO4
Cobalt(II) ferricyanide,Co3(Fe(CN)6)2
Chromium(II) bromide,CrBr2
Chromium(III) bromide,CrBr3
Chromium(II) chloride,CrCl2
Chromium(III) chloride,CrCl3
Chromium(IV) chloride,CrCl4
Chromium(II) fluoride,CrF2
Chromium(III) fluoride,CrF3
Chromium(IV) fluoride,CrF4
Chromium(V) fluoride,CrF5
Chromium(VI) fluoride,CrF6
Chromium(II) iodide,CrI2
Chromium(III) iodide,CrI3
Chromium(III) nitrate,Cr(NO3)3
Chromium(III) nitrite,Cr(NO2)3
Chromium(III) hydroxide,Cr(OH)3
Chromium(IV) oxide,CrO2
Chromium(VI) oxide,CrO3
Chromate ion,CrO42-
Chromium(VI) oxychloride,CrO2Cl2
Chromium(III) phosphate,CrPO4
Chromium antimonide,CrSb
Chromium(III) orthovanadate,CrVO4
Chromium(III) oxide,Cr2O3
Chromium(III) sulfate,Cr2(SO4)3
Chromium(III) sulfide,Cr2S3
Chromium(III) selenide,Cr2Se3
Chromium(III) tellurate,Cr2(TeO4)3
Chromium(III) telluride,Cr2Te3
Chromium(II) arsenide,Cr3As2
Chromium(II) carbide,Cr3C2
Chromium(II) antimonide,Cr3Sb2
Chromium(II) silicide,Cr3Si2
Caesium borate,CsBO2
Caesium bromide,CsBr
Caesium bromate,CsBrO3
Caesium tribromide,CsBr3
Caesium cyanide,CsCN
Caesium acetate,CsC2H3O2
Caesium chloride,CsCl
Caesium hypochlorite,CsClO
Caesium chlorite,CsClO2
Caesium chlorate,CsClO3
Caesium perchlorate,CsClO4
Caesium fluoride,CsF
Caesium iodide,CsI
Caesium triiodide,CsI3
Caesium amide,CsNH2
Caesium nitrite,CsNO2
Caesium nitrate,CsNO3
Caesium azide,CsN3
Caesium metaniobate,CsNbO3
Caesium hydroxide,CsOH
Caesium superoxide,CsO2
Caesium peroxide,Cs2O2
Caesium sulfide,Cs2S
Caesium thiocyanate,CsSCN
Caesium selenate,CsSeO4
Caesium metatantalate,CsTaO3
Caesium carbonate,Cs2CO3
Caesium bicarbonate,CsHCO3
Caesium bisulfite,CsHSO3
Caesium bisulfate,CsHSO4
Caesium oxalate,Cs2C2O4
Caesium chromate,Cs2CrO4
Caesium dichromate,Cs2Cr2O7
Caesium hydrogen orthophosphate,Cs2HPO4
Caesium molybdate,Cs2MoO4
Caesium oxide,Cs2O
Caesium sulfite,Cs2SO3
Caesium sulfate,Cs2SO4
Caesium metasilicate,Cs2SiO3
Caesium tellurate,Cs2TeO4
Caesium titanate,Cs2TiO3
Caesium orthotungstate,Cs2WO4
Caesium orthophosphate,Cs3PO4
Caesium orthovanadate,Cs3VO4
Copper(I) bromide,CuBr
Copper(II) bromate hexahydrate,Cu(BrO3)2 Â· 6H2O
Copper(II) bromide,CuBr2
Copper oxalate,CuC2O4
Copper(II) acetate,Cu(CH3COO)2
Copper(I) chloride,CuCl
Copper(II) chlorate hexahydrate,Cu(ClO3)2 Â· 6H2O
Copper(II) chloride,CuCl2
Copper(I) fluoride,CuF
Copper(II) fluoride,CuF2
Copper iron sulfide,CuFeS2
Copper(II) iron(II) oxide,CuFe2O4
Copper iron sulfide,CuFe2S3
Blue vitriol,[Cu(H2O)4]SO4 Â· H2O
Copper(I) iodide,CuI
Copper(I) iodate,CuIO3
Copper(II) iodate,Cu(IO3)2
Copper(II) orthomolybdate,CuMoO4
Copper(II) nitrate,Cu(NO3)2
Copper(II) nitrate trihydrate,Cu(NO3)2 Â· 3H2O
Copper(II) nitrate hexahydrate,Cu(NO3)2 Â· 6H2O
Copper(II) orthoniobate,Cu(NbO3)2
Copper(II) oxide,CuO
Copper(I) oxide,Cu2O
Copper(II) hydroxide,Cu(OH)2
Verdigris,Cu(OH)2CO3
Copper(II) sulfide,CuS
Copper(I) thiocyanate,CuSCN
Copper(II) sulfate,CuSO4
Copper(II) sulfate pentahydrate,CuSO4 Â· 5H2O
Copper(II) selenide,CuSe
Copper(II) selenite dihydrate,CuSeO3 Â· 2H2O
Copper(II) selenate pentahydride,CuSeO4 Â· 5H2O
Copper(II) metasilicate,CuSiO3
Copper(II) telluride,CuTe
Copper(II) tellurite,CuTeO3
Copper(II) metatitanate,CuTiO3
Copper(II) metavanadate,Cu(VO3)2
Copper(II) orthotungstate,CuWO4
Malachite,Cu2CO3(OH)2
Copper(I) sulfide,Cu2S
Copper(I) selenide,Cu2Se
Copper(I) telluride,Cu2Te
Copper(I) arsenide,Cu3As
Copper(I) phosphide,Cu3P
Copper(II) phosphate,Cu3(PO4)2
Copper(III) antimonide,Cu3Sb
Copper sulfide,Cu9S5
Deuterium bromide,DBr
Deuterium iodide,DI
Lithium deuteride,DLi
Sodium deuteride,DNa
Deuterium oxide,D2O
Trideuterium oxide,D3O
Dysprosium(III) bromide,DyBr3
Dysprosium(II) chloride,DyCl2
Dysprosium(III) chloride,DyCl3
Dysprosium(II) silicide,DySi2
Dysprosium(III) oxide,Dy2O3
Dysprosium(III) sulfide,Dy2S3
Erbium monofluoride,ErF
Erbium difluoride,ErF2
Erbium trifluoride,ErF3
Erbium triiodide,ErI3
Erbium sodium tetraiodide,ErI4Na
Erbium monoxide,ErO
Europium monofluoride,EuF
Europium trifluoride,EuF3
Europium diiodide,EuI2
Europium niobium dioxide,EuNbO2
Europium diniobium hexaoxide,EuNb2O6
Europium monoxide,EuO
Monoeuropium monovandium dioxide,EuO2V
Europium titanium trioxide,EuO3Ti
Europium metavanadate,EuO3V
Europium tungsten tetraoxide,EuO4W
Europium monosulfide,EuS
Europium disulfide,EuS2
Dieuropium monoxide,Eu2O
Dieuropium dioxide,Eu2O2
Dieuropium monosulfide,Eu2S
Dieuropium disulfide,Eu2S2
Iron fluoride,F2Fe
Gallium monofluoride,FGa
Gallium monofluoride monoxide,FGaO
Gadolinium monofluoride,FGd
Germanium monofluoride,FGe
Holmium monofluoride,FHo
Iodine monofluoride,FI
Monofluorodiiodine,FI2
Indium monofluoride,FIn
Lanthanum monofluoride,FLa
Lithium fluoride,FLi
Lithium hypofluorite,FLiO
Dilithium monofluoride,FLi2
Magnesium monofluoride,FMg
Monomanganese monofluoride,FMn
Manganese fluoride trioxide,FMnO3
Molybdenum monofluoride,FMo
Fluoroimidogen,FN
Nitrosyl fluoride,FNO
Nitryl fluoride,FNO2
Fluorine nitrate,FNO3
Thiazyl fluoride,FNS
Sodium fluoride,FNa
Disodium monofluoride,FNa2
Neodymium monofluoride,FNd
Oxygen monofluoride,FO
Thorium monofluoride monoxide,FOTh
Titanium fluoride oxide,FOTi
Dioxygen monofluoride,FO2
Fluorosulfate radical,FO3S
Phosphorus monofluoride,FP
Phosphenothious fluoride,FPS
Phosphenodithioic fluoride,FPS2
Lead monofluoride,FPb
Plutonium monofluoride,FPu
Rubidium fluoride,FRb
Monosulfur monofluoride,FS
Scandium monofluoride,FSc
Samarium monofluoride,FSm
Tin monofluoride,FSn
Strontium monofluoride,FSr
Thorium monofluoride,FTh
Titanium fluoride,FTi
Thallium monofluoride,FTl
Tungsten monofluoride,FW
Xenon monofluoride,FXe
Yttrium monofluoride,FY
Zirconium fluoride,FZr
Fluorine,F2
Ferrous fluoride,F2Fe
Gallium difluoride,F2Ga
Gadolinium difluoride,F2Gd
Germanium difluoride,F2Ge
Difluorogermanone,F2GeO
Mercury fluoride,F2Hg
Mercury fluoride,F2Hg2
Holmium difluoride,F2Ho
Difluoroiodophosphine,F2IP
Dipotassium difluoride,F2K2
Krypton difluoride,F2Kr
Lanthanum difluoride,F2La
Lithium fluoride,F2Li2
Magnesium fluoride,F2Mg
Manganese difluoride,F2Mn
Molybdenum difluoride,F2Mo
Molybdenum difluoride dioxide,F2MoO2
Difluoroamino radical,F2N
Nitrosodifluoroamine,F2N2O
Disodium difluoride,F2Na2
Neodymium difluoride,F2Nd
Nickel difluoride,F2Ni
Oxygen difluoride,F2O
Thionyl fluoride,F2OS
Difluorooxosilane,F2OSi
Titanium fluoride oxide,F2OTi
Perfluoroperoxide,F2O2
Sulfuryl fluoride,F2O2S
Tungsten difluoride dioxide,F2O2W
Peroxydisulfuryl difluoride,F2O5S3
Phosphorus difluoride,F2P
Lead difluoride,F2Pb
Platinum difluoride,F2Pt
Plutonium difluoride,F2Pu
Sulfur difluoride,F2S
Tungsten difluoride monosulfide,F2SW
Difluorodisulfane,F2S2
Thiothionyl fluoride,F2S2
Thiothionyl fluoride,F2S2
Tungsten difluoride disulfide,F2S2W
Scandium difluoride,F2Sc
Selenium difluoride,F2Se
Difluorosilylene,F2Si
Tin difluoride,F2Sn
Strontium fluoride,F2Sr
Thorium difluoride,F2Th
Titanium difluoride,F2Ti
Dithallium difluoride,F2Tl2
Tungsten difluoride,F2W
Xenon difluoride,F2Xe
Yttrium difluoride,F2Y
Zinc difluoride,F2Zn
Zirconium fluoride,F2Zr
Iron trifluoride,F3Fe
Gallium trifluoride,F3Ga
Gadolinium trifluoride,F3Gd
Holmium trifluoride,F3Ho
Lanthanum trifluoride,F3La
Trilithium trifluoride,F3Li3
Lutetium trifluoride,F3Lu
Manganese trifluoride,F3Mn
Molybdenum trifluoride,F3Mo
Molybdenum trifluoride oxide,F3MoO
Molybdenum trifluoride sulfide,F3MoS
Nitrogen trifluoride,F3N
Nitrogen trifluoride oxide,F3NO
Difluoroaminosulfonyl fluoride,F3NO2S
Difluoraminooxysulfonyl fluoride,F3NO3S
Thiazyl trifluoride,F3NS
Sodium trifluorostannate,F3NaSn
Neodymium trifluoride,F3Nd
Phosphoryl fluoride,F3OP
Tantalum monoxide trifluoride,F3OTa
Vanadium trifluoride oxide,F3OV
Phosphorus trifluoride,F3P
Thiophosphoryl fluoride,F3PS
Praseodymium trifluoride,F3Pr
Plutonium trifluoride,F3Pu
Rhodium fluoride,F3Rh
Sulfur trifluoride,F3S
Tungsten trifluoride monosulfide,F3SW
Antimony trifluoride,F3Sb
Scandium fluoride,F3Sc
Trifluorosilyl radical,F3Si
Samarium trifluoride,F3Sm
Terbium trifluoride,F3Tb
Thorium trifluoride,F3Th
Titanium trifluoride,F3Ti
Thallium trifluoride,F3Tl
Thulium trifluoride,F3Tm
Tungsten trifluoride,F3W
Yttrium trifluoride,F3Y
Ytterbium trifluoride,F3Yb
Zirconium trifluoride,F3Zr
Germanium tetrafluoride,F4Ge
Digermanium tetrafluoride,F4Ge2
Hafnium fluoride,F4Hf
Dimagnesium tetrafluoride,F4Mg2
Magnesium fluoride,F4Mg2
Molybdenum tetrafluoride,F4Mo
Molybdenum tetrafluoride oxide,F4MoO
Molybdenum tetrafluoride monosulfide,F4MoS
Tetrafluorohydrazine,F4N2
Disodium tetrafluorostannate,F4Na2Sn
Osmium oxide tetrafluoride,F4OOs
Diphosphorus tetrafluoride oxide,F4OP2
Rhenium tetrafluoride oxide,F4ORe
Sulfur tetrafluoride oxide,F4OS
Tungsten tetrafluoride oxide,F4OW
Xenon tetrafluoride oxide,F4OXe
Diphosphorus tetrafluoride,F4P2
Lead tetrafluoride,F4Pb
Platinum tetrafluoride,F4Pt
Plutonium tetrafluoride,F4Pu
Sulfur tetrafluoride,F4S
Tungsten tetrafluoride monosulfide,F4SW
Selenium tetrafluoride,F4Se
Silicon tetrafluoride,F4Si
Ditin tetrafluoride,F4Sn2
Titanium fluoride,F4Ti
Uranium tetrafluoride,F4U
Tungsten tetrafluoride,F4W
Xenon tetrafluoride,F4Xe
Zirconium tetrafluoride,F4Zr
Iodine pentafluoride,F5I
Molybdenum pentafluoride,F5Mo
Rhenium monoxide pentafluoride,F5ORe
Phosphorus pentafluoride,F5P
Plutonium pentafluoride,F5Pu
Disulfur decafluoride,F5S
Antimony pentafluoride,F5Sb
Tantalum pentafluoride,F5Ta
Uranium pentafluoride,F5U
Tungsten pentafluoride,F5W
Diiron hexafluoride,F6Fe2
Lanthanum trifluoride dimer,F6La2
Molybdenum hexafluoride,F6Mo
Nitridotriphosphorous hexafluoride,F6NP3
Osmium hexafluoride,F6Os
Plutonium hexafluoride,F6Pu
Rhenium hexafluoride,F6Re
Sulfur hexafluoride,F6S
Selenium hexafluoride,F6Se
Hexafluorodisilane,F6Si2
Tritin hexafluoride,F6Sn3
Tellurium hexafluoride,F6Te
Uranium hexafluoride,F6U
Tungsten hexafluoride,F6W
Xenon hexafluoride,F6Xe
Iodine fluoride,F7I
Pentafluorosulfanyldifluoroamine,F7NS
Rhenium heptafluoride,F7Re
Octafluorotrisilane,F8Si3
Molybdenum fluoride,F10Mo2
Sulfur fluoride,F10S2
Molybdenum fluoride,F15Mo3
Iron arsenic sulfide,FeAsS
Iron(II) bromide,2-Feb
Iron(III) bromide,3-Feb
Iron(III) bromide hexahydrate,FeBr3 Â· 6H2O
Siderite,FeCO3
Iron oxalate,FeC2O4
Iron pentacarbonyl,FeC5O5
Ferrocene,FeC10H10
Iron(II) chloride,FeCl2
Iron(III) chloride,FeCl3
Chromite (ore),FeCr2O4
Iron(II) fluoride tetrahydrate,FeF2 Â· 4H2O
Iron monoiodide,FeI
Iron(II) iodide,FeI2
Iron(II) iodide tetrahydrate,FeI2 Â· 4H2O
Iron(III) iodide,FeI3
Iron(II) orthomolybdate,FeMoO4
Iron(II) oxide,FeO
Iron dioxide,FeO2
Goethite,FeO2H
Limonite,FeO2H Â· nH2O
Iron(II) hydroxide,Fe(OH)2
Iron(III) hydroxide,Fe(OH)3
Ferrous sulfate,FeO4S
Iron(II) dihydrogen phosphate,FeO8H4P2
Iron(III) phosphide,FeP
Iron(II) sulfide,FeS
Iron(IV) sulfide,FeS2
Iron(II) selenide,FeSe
Iron(II) telluride,FeTe
Iron(II) metatitanate,FeTiO3
Iron(III) orthovanadate,FeVO4
Iron(II) orthotungstate,FeWO4
Iron(II) metazirconate,FeZrO3
Diiron diiodide,Fe2I2
Diiron tetraiodide,Fe2I4
Iron(III) oxide,Fe2O3
Venetian red,Fe2O3
Iron(III) sulfate,Fe2O12S3
Iron(III) orthotungstate,Fe2O12W3
Diiron phosphide,Fe2P
Fayalite,Fe2SiO4
Chrysotile,Fe3H2Na2O45Si
Iron(tri) phosphide,Fe3P
Amosite,Fe7Si8O24H2
Gallium(III) arsenide,GaAs
Gallium(III) orthoarsenate,GaAsO4
Gallium(III) bromide,GaBr3
Gallium(III) acetate,Ga(C2H3O2)3
Gallium(II) chloride,GaCl2
Gallium trichloride,GaCl3
Gallium(II) iodide,GaI2
Gallium(III) iodide,GaI3
Gallium(III) nitride,GaN
Gallium(III) hydroxide,Ga(OH)3
Gallium(III) orthophosphate,GaPO4
Gallium(III) antimonide,GaSb
Gallium(II) telluride,GaTe
Gallium(III) oxide,Ga2O3
Gallium(III) sulfate octadecahydrate,Ga2(SO4)3Â·18H2O
Gallium(III) sulfide,Ga2S3
Gallium(III) telluride,Ga2Te3
Germanium(IV) bromide,GeBr4
2-germaacetic acid,GeH3COOH
Germanium(II) iodide,GeI2
Germanium(IV) iodide,GeI4
Germanium(II) oxide,GeO
Hydrogen astatide,HAt
Hydrogen bromide,HBr
Bromous acid,HBrO2
Bromic acid,HBrO3
Acetylene,HCCH
Hydrocyanic acid,HCN
Formamide,HCONH2
Formate ion,HCOO-
Formic acid,HCOOH
Ammonium formate,HCOONH4
Hydrogen carbonate ion,HCO3-
Lactic acid,HC3H5O3
Pyridinium ion,HC5H5N+
Ascorbic acid,HC6H7O6
Acetylsalicylic acid,HC9H7O4
Thiamine hydrochloride,HC12H17ON4SCl2
Hydrochloric acid,HCl
Hypochlorous acid,HClO
Chlorous acid,HClO2
Chloric acid,HClO3
Perchloric acid,HClO4
Semiheavy water,HDO
Hydrofluoric acid,HF
Hydroiodic acid,HI
Hypoiodous acid,HIO
Iodic acid,HIO3
Nitroxyl,HNO
Nitrous acid,HNO2
Nitric acid,HNO3
Hydrazoic acid,HN3
Hypobromous acid,HOBr
Hypochlorous acid,HOCl
Hypofluorous acid,HOF
Oxalic acid,HOOCCOOH
Hydrogen phosphate ion,HPO42-
Hydrogen sulfite ion,HSO3-
Hydrogen sulfate,HSO4-
Partially tritiated water,HTO
Hydrogen,H2
Acrylonitrile,H2C(CH)CN
Formaldehyde,H2CO
Carbonic acid,H2CO3
Sulfine,H2CSO
Oxalic acid,H2C2O4
Tartaric acid,H2C4H4O6
Phthalic acid,H2C8H4O4
,H2Ph
Chromic acid,H2CrO4
Glycine,H2NCH2COOH
Hyponitrous acid,H2N2O2
Hydrazine,H2NNH2
Water,H2O
Hydrogen peroxide,H2O2
Dihydrogen phosphate ion,H2PO4-
Hydrogen sulfide,H2S
Sulfurous acid,H2SO3
Sulfuric acid,H2SO4
Thiosulfurous acid,H2S2O2
Thiosulfuric acid,H2S2O3
Dithionous acid,H2S2O4
Disulfurous acid,H2S2O5
Dithionic acid,H2S2O6
Disulfuric acid,H2S2O7
Peroxydisulfuric acid,H2S2O8
Selenous acid,H2SeO3
Selenic acid,H2SeO4
Silicic acid,H2SiO3
Tellurous acid,H2TeO3
Titanic acid,H2TiO3
Arsenic acid,H3AsO4
Propane,H3CCH2CH3
Zwitterion,H3N+CH2COO-
Hydronium ion,H3O+
Hypophosphorous acid,H3PO2
Phosphorous acid,H3PO3
Phosphoric acid,H3PO4
Perxenic acid,H4XeO6
Telluric acid,H6TeO6
Hafnium(IV) bromide,HfBr4
Hafnium(IV) fluoride,HfF4
Hafnium(IV) oxychloride octahydrate,HfOCl2 Â· 8H2O
Hafnium(IV) sulfate,Hf(SO4)2
Mercury(II) bromate dihydrate,Hg(BrO3)2 Â· 2H2O
Mercury(I) bromide,Hg2Br2
Mercury(II) bromide,HgBr2
Mercury(II) acetate,Hg(C2H3O2)2
Mercury(II) benzoate monohydrate,Hg(C7H5O2)2 Â· H2O
Mercury(I) perchlorate tetrahydrate,HgClO4 Â· 4H2O
Mercury(II) perchlorate trihydrate,Hg(ClO4)2 Â· 3H2O
Mercury(II) chloride,HgCl2
Mercury(II) iodate,Hg(IO3)2
Mercury(II) iodide,HgI2
Mercury(II) nitrate monohydrate,Hg(NO3)2 Â· H2O
Mercury(II) fulminate,Hg(CNO)2
Mercury(II) oxide,HgO
Mercury(II) hydroxide,Hg(OH)2
Mercury(II) sulfide,HgS
Mercury(II) thiocyanate,Hg(SCN)2
Mercury(II) selenide,HgSe
Mercury(II) selenite,HgSeO3
Mercury(II) telluride,HgTe
Mercury(II) tellurite,HgTeO3
Mercury(II) tungstate,HgWO4
Mercury(I) bromide,Hg2Br2
Mercury(I) chloride,Hg2Cl2
Mercury(I) iodide,Hg2I2
Mercury(II) orthoarsenate,Hg3(AsO4)2
Mercury(II) phosphate,Hg3(PO4)2
Iodine(I) bromide,IBr
Iodine(III) bromide,IBr3
Iodine monochloride,ICl
Iodine(III) chloride,ICl3
Iodate ion,IO3-
Iodine,I2
Iodine pentoxide,I2O5
Triiodide ion,I3-
Indium(III) arsenide,InAs
Indium(I) bromide,InBr
Indium(III) bromodiiodide,InBrI2
Indium(III) dibromoiodide,InBr2I
Indium(III) bromide,InBr3
Indium(I) chloride,InCl
Indium(II) chloride,InCl2
Indium(III) chloride,InCl3
Indium(III) chloride tetrahydrate,InCl3Â·4H2O
Indium(I) iodide,InI
Indium(III) iodate,In(IO3)3
Indium(II) iodide,InI2
Indium(III) iodide,InI3
Indium(III) nitrate tetrahemihydrate,In(NO3)3Â·4.5H2O
Indium(III) hydroxide,In(OH)3
Indium(III) phosphide,InP
Indium(III) orthophosphate,InPO4
Indium(II) sulfide,InS
Indium(III) antimonide,InSb
Indium(II) telluride,InTe
Indium(III) oxide,In2O3
Indium(III) sulfate monohydrate,In2(SO4)3Â·H2O
Indium(III) sulfide,In2S3
Indium(III) selenide,In2Se3
Indium(III) telluride,In2Te3
Potassium bromide,KBr
Potassium cyanide,KCN
Potassium thiocyanate,KCNS
Potassium chloride,KCl
Potassium hypochlorite,KClO
Potassium chlorite,KClO2
Potassium chlorate,KClO3
Potassium perchlorate,KClO4
Potassium chromate,K2CrO4
Potassium dichromate,K2Cr2O7
Dipotassium phosphate,K2HPO4
Tripotassium phosphate,K3PO4
Potassium fluoride,KF
Potassium bicarbonate,KHCO3
Potassium bisulfite,KHSO3
Potassium bisulfate,KHSO4
Monopotassium phosphate,KH2PO4
Potassium iodide,KI
Potassium permanganate,KMnO4
Potassium nitrate,KNO3
Potassium nitrite,KNO2
Potassium carbonate,K2CO3
Potassium manganate,K2MnO4
Potassium hyponitrite,K2N2O2
Potassium oxide,K2O
Potassium peroxide,K2O2
Potassium sulfide,K2S
Potassium thiosulfate,K2S2O3
Potassium metabisulfite,K2S2O5
Potassium persulfate,K2S2O8
Potassium sulfite,K2SO3
Potassium sulfate,K2SO4
Potassium hydroxide/custic potash,KOH
Krypton difluoride,KrF2
Lanthanum(III) chloride,LaCl3
Lanthanum(III) phosphate,LaPO4
Lanthanum(III) phosphate crystal hemihydrate,LaPO4Â·0.5H2O
Keatite,Li(AlSi2O6)
Lithium bromide,LiBr
Lithium bromide dihydrate,LiBrÂ·2H2O
Lithium bromate,LiBrO3
Lithium chloride,LiCl
Lithium hypochlorite,LiClO
Lithium chlorite,LiClO2
Lithium chlorate,LiClO3
Lithium perchlorate,LiClO4
Lithium cyanide,LiCN
Lithium ethoxide,LiC2H5O
Lithium fluoride,LiF
Lithium iodide,LiI
Lithium bicarbonate,LiHCO3
Lithium bisulfite,LiHSO3
Lithium hydrogen sulfate,LiHSO4
Lithium iodate,LiIO3
Sodium lithium,LiNa
Lithium nitrite,LiNO2
Lithium nitrate,LiNO3
Lithium nitrate monohydrate,LiNO3Â·H2O
Lithium hydroxide,LiOH
Lithium tantalate,LiTaO3
Lithium metavanadate dihydrate,LiVO3Â·2H2O
Lithium tetraborate pentahydrate,Li2B4O7Â·5H2O
Lithium carbonate,Li2CO3
Lithium chromate,Li2CrO4
Lithium chromate dihydrate,Li2CrO4Â·2H2O
Lithium dichromate,Li2Cr2O7
Lithium orthomolybdate,Li2MoO4
Lithium metaniobate,Li2NbO3
Lithium hyponitrite,Li2N2O2
Lithium oxide,Li2O
Lithium peroxide,Li2O2
Lithium sulfide,Li2S
Lithium sulfite,Li2SO3
Lithium sulfate,Li2SO4
Lithium selenite,Li2SeO3
Lithium selenate,Li2SeO4
Lithium metasilicate,Li2SiO3
Lithium tellurite,Li2TeO3
Lithium tellurate,Li2TeO4
Lithium metatitanate,Li2TiO3
Lithium orthotungstate,Li2WO4
Lithium metazirconate,Li2ZrO3
Magnesium bromide,MgBr2
Magnesium aluminate,Mg(AlO2)2
Magnesium arsenide,As2Mg3
Magnesium carbonate,MgCO3
Magnesium oxalate,MgC2O4
Magnesium hypochlorite,Mg(ClO)2
Magnesium chlorate,Mg(ClO3)2
Magnesium chlorate hydrate,Mg(ClO3)2Â·xH2O
Magnesium perchlorate,Mg(ClO4)2
Magnesium chloride,MgCl2
Magnesium chromate,MgCrO4
Magnesium chromate pentahydrate,MgCrO4Â·5H2O
Magnesium fluoride,MgF2
Magnesium iodide,MgI2
Magnesium molybdate,MgMoO4
Magnesium ammonium phosphate hexahydrate,MgNH4PO4Â·6H2O
Magnesium nitrite,Mg(NO2)2
Magnesium nitrate,Mg(NO3)2
Magnesium nitrate hexahydrate,Mg(NO3)2Â·6H2O
Montmorillonite (clay),MgNaAl5(Si4O10)3(OH)6
Magnesium oxide,MgO
Magnesium hydroxide,Mg(OH)2
Magnesium polonide,MgPo
Magnesium sulfide,MgS
Magnesium sulfite,MgSO3
Magnesium sulfate,MgSO4
Magnesium selenide,MgSe
Magnesium selenite,MgSeO3
Magnesium selenate,MgSeO4
Magnesium metasilicate,MgSiO3
Magnesium metatitanate,MgTiO3
Magnesium metavanadate,Mg(VO3)2
Magnesium tungstate,MgWO4
Amesite,Mg2Al(AlSiO5)(OH)4
Magnesium pyrophosphate,Mg2P2O7
Forsterite,Mg2SiO4
Magnesium arsenide,Mg3As2
Magnesium bismuthide,Mg3Bi2
Magnesium phosphide,Mg3P2
Chrysotile,Mg3(Si2O5)(OH)4
Talc,Mg3(Si4O10)(OH)2
Magnesium orthovanadate,Mg3(VO4)2
Manganese(III) arsenide,MnAs
Manganese(III) bismuthide,MnBi
Manganese(II) bromide,MnBr2
Manganese(II) bromide tetrahydrate,MnBr2Â·4H2O
Manganese(II) formate,Mn(CHO2)2
Manganese(II) formate dihydrate,Mn(CHO2)2Â·2H2O
Manganese(II) carbonate,MnCO3
Manganese(II) chloride,MnCl2
Manganese(II) fluoride,MnF2
Manganese(II) iodide,MnI2
Manganese(II) orthomolybdate,MnMoO4
Manganese(II) nitrate,Mn(NO3)2
Manganese(II) nitrate tetrahydrate,Mn(NO3)2Â·4H2O
Manganese(II) oxide,MnO
Manganese hydroxide,Mn(OH)2
Manganite,MnOOH
Manganese dioxide,MnO2
Permanganate ion,MnO4-
Barysilate,MnPb8(Si2O7)3
Manganese sulfide,MnS
Manganese(II) telluride,MnTe
Manganese(II) metazirconate,MnZrO3
Manganese(III) oxide,Mn2O3
Manganese(II) arsenide,Mn3As2
Manganese(II) phosphide,Mn3P2
Manganese(II) antimonide,Mn3Sb2
Molybdenum(II) bromide,MoBr2
Molybdenum(III) bromide,MoBr3
Molybdenum(II) chloride,MoCl2
Molybdenum(III) chloride,MoCl3
Molybdenum(V) chloride,MoCl5
Molybdenum(IV) oxide,MoO2
Molybdate ion,MoO42-
Molybdenum sulfide,MoS2
Amide ion,NH2-
Ethylenediamine,NH2CH2CH2NH2
Urea,NH2CONH2
Sulfanilic Acid,NH2C6H4SO3H
Hydroxylamine,NH2OH
Urea,(NH2)2CO
Ammonia,NH3
Ammonium ion,NH4+
Ammonium nitride,(NH4)3N
Ammonium bromide,NH4Br
Ammonium carbamate,NH4CO2NH2
Ammonium carbonate,(NH4)2CO3
Ammonium chloride,NH4Cl
Ammonium perchlorate,NH4ClO4
Ammonium hydrosulfide,NH4HS
Ammonium dihydrogen arsenate,(NH4)H2AsO4
Ammonium nitrate,NH4NO3
Ammonium carbamate,NH4OCONH2
Ammonium cerium(IV) nitrate,(NH4)2Ce(NO3)6
Ammonium phosphate,(NH4)3PO4
Ammonium chromate,(NH4)2CrO4
Mercury(II) ammonium thiocyanate,(NH4)2Hg(SCN)4
Ammonium hexachloroplatinate(IV),(NH4)2[PtCl6]
Ammonium hexathiocyanoplatinate(IV),(NH4)2[Pt(SCN)6]
Ammonium sulfate,(NH4)2SO4
Nitrogen triiodide,NI3
Nitric oxide,NO
Nitrosyl chloride,NOCl
Nitrosyl bromide,NOBr
Nitrosyl iodide,NOI
Nitrogen dioxide,NO2
Nitrite ion,NO2-
Nitryl chloride,NO2Cl
Nitrate ion,NO3-
Nitrogen,N2
Diazene,N2H2
Hydrazine,N2H4
Nitrous oxide,N2O
Dinitrogen trioxide,N2O3
Dinitrogen tetroxide,N2O4
Dinitrogen pentaoxide,N2O5
Trans-tetrazene,N4H4
Albite,NaAlSi3O3
Sodium metaarsenite,NaAsO2
Sodium dicyanoaurate(I),NaAu(CN)2
Sodium dichromate dihydrate,Na2Cr2O7 Â· 2H2O
Sodium tetranitratoborate(III),Na[B(NO3)4]
Sodium bromide,NaBr
Sodium cyanide,NaCN
Pentafluorobenzoate,NaC6F5COO
Sodium benzoate,NaC6H5COO
Thomsonite,NaCa2(Al5Si5O20) Â· 6H2O
Sodium chloride,NaCl
Sodium chlorite,NaClO2
Sodium chlorate,NaClO3
Sodium perchlorate,NaClO4
Sodium fluoride,NaF
Sodium hydride,NaH
Sodium formate,NaHCOO
Sodium bicarbonate,NaHCO3
Sodium bisulfite,NaHSO3
Sodium bisulfate,NaHSO4
Sodium iodide,NaI
Sodium sulfanilate,NaNH2C6H4SO3
Sodium nitrite,NaNO2
Sodium nitrate,NaNO3
Sodium metaniobate,NaNbO3
Sodium metaniobate heptahydrate,NaNbO3 Â· 7H2O
Sodium hypochlorite,NaOCl
Sodium hydroxide,NaOH
Sodium salt of cacodylic acid,NaO2As(CH3)2 Â· 3H2O
Sodium selenite,NaSeO3
Sodium metatantalate,NaTaO3
Sodium metavanadate,NaVO3
Sodium carbonate,Na2CO3
Sodium oxalate,Na2C2O4
Sodium thiomolybdate,Na2MoS4
Sodium hyponitrite,Na2N2O2
Sodium peroxide,Na2O2
Sodium oxide,Na2O
Sodium monosulfide,Na2S
Sodium sulfite,Na2SO3
Sodium sulfate,Na2SO4
Sodium thiosulfate,Na2S2O3
Sodium disulfite,Na2S2O5
Sodium persulfate,Na2S2O8
Sodium tetrasulfide,Na2S4
Sodium selenite,Na2SeO3
Sodium selenate,Na2SeO4
Sodium tellurite,Na2TeO3
Sodium tellurate,Na2TeO4
Sodium metatitanate,Na2TiO3
Sodium zincate,Na2ZnO2
Sodium metazirconate,Na2ZrO3
Cryolite,Na3AlF6
Sodium tricarbonatocobaltate(III),Na3[Co(CO3)3]
Sodium orthovanadate,Na3VO4
Sodium pyrovanadate,Na4V2O7
Niobium(V) bromide,NbBr5
Niobium(III) chloride,NbCl3
Niobium(V) chloride,NbCl5
Niobium(V) iodide,NbI5
Niobium(III) oxide,Nb2O3
Neodymium(II) chloride,NdCl2
Neodymium(III) iodide,NdI2
Neodymium hydroxide,Nd(OH)3
Neodymium(III) oxide,Nd2O3
Nickel(III) arsenide,NiAs
Nickel arsenic sulfide,NiAsS
Nickel(II) bromide,NiBr2
Nickel(II) bromide trihydrate,NiBr2 Â· 3H2O
Nickel(II) bromide hexahydrate,NiBr2 Â· 6H2O
Nickel(II) carbonate,Ni(CO)3
Nickel tetracarbonyl,Ni(CO)4
Nickel(II) oxalate dihydrate,NiC2O4 Â· 2H2O
Nickel(II) chloride,NiCl2
Nickel(II) iron(III) oxide,NiFe2O4
Nickel(II) iodide,NiI2
Nickel(II) hypophosphite hexahydrate,Ni(H2PO)2 Â· 6H2O
Nickel(II) orthomolybdate,NiMoO4
Nickel(II) nitrate hexahydrate,Ni(NO3)2 Â· 6H2O
Nickel oxo-hydroxide,NiOOH
Nickel(II) oxide,NiO
Nickel(II) hydroxide,Ni(OH)2
Nickel(II) sulfide,NiS
Nickel sulfate,NiSO4
Nickel sulfide,NiS2
Nickel(II) selenide,NiSe
Nickel(II) metatitanate,NiTiO3
Nickel(II) metavanadate,Ni(VO3)2
Nickel(II) orthotungstate,NiWO4
Nickel(II) orthosilicate,Ni2SiO4
Nickel(II) orthophosphate,Ni3(PO4)2
Nickel(II) antimonide,Ni3Sb2
Oxygen,O
Dioxygen,O2
Superoxide ion,O2-
Peroxide ion,O22-
Oxygen difluoride,OF2
Dioxygen difluoride,O2F2
Hydroxide ion,OH-
Ozone,O3
Ozonide ion,O3-
Diphosphorus tetraiodide,P2I4
Phosphorus pentoxide,P2O5
Diphosphorus trisulfide,P2S3
Diphosphorus triselenide,P2Se3
Triphosphorus pentanitride,P3N5
Phosphine,PH3
Phosphoryl chloride,POCl3
Lead(II) chloride,PbCl2
Lead(IV) chloride,PbCl4
Lead(II) iodide,PbI2
Lead(II) iodate,Pb(IO3)2
Lead(II) nitride,Pb(N3)2
Lead(II) nitrate,Pb(NO3)2
Lead(II) hydroxide,Pb(OH)2
Lead(IV) hydroxide,Pb(OH)4
Lead oxalate,PbC2O4
Lead carbonate,PbCO3
Lead chromate,PbCrO4
Lead(II) fluoride,PbF2
Lead(II) oxide,PbO
Lead dioxide,PbO2
Lead(II) sulfide,PbS
Lead(II) sulfate,PbSO4
Polonium dibromide,PoBr2
Polonium dichloride,PoCl2
Polonium tetrachloride,PoCl4
Polonium hexafluoride,PoF6
Polonium hydride,PoH2
Polonium monoxide,PoO
Polonium dioxide,PoO2
Polonium trioxide,PoO3
Radium chloride,RaCl2
Rubidium bromide,RbBr
Rubidium chloride,RbCl
Rubidium hypochlorite,RbClO
Rubidium chlorite,RbClO2
Rubidium chlorate,RbClO3
Rubidium perchlorate,RbClO4
Rubidium cyanide,RbCN
Rubidium fluoride,RbF
Rubidium iodide,RbI
Rubidium hydroxide,RbOH
Rubidium oxide,Rb2O
Rubidium peroxide,Rb2O2
Rubidium carbonate,Rb2CO3
Rubidium sulfite,Rb2SO3
Rubidium sulfate,Rb2SO4
Rubidium bicarbonate,RbHCO3
Rubidium bisulfite,RbHSO3
Rubidium bisulfate,RbHSO4
Rubidium nitrite,RbNO2
Rubidium nitrate,RbNO3
Radon difluoride,RnF2
Ruthenium(III) chloride,RuCl3
Ruthenium hexafluoride,RuF6
Ruthenium tetroxide,RuO4
Thiocyanate,SCN-
Sulfur tetrafluoride,SF4
Sulfur hexafluoride,SF6
Thionyl difluoride,SOF2
Sulfur dioxide,SO2
Sulfuryl chloride,SO2Cl2
Sulfuryl difluoride,SO2F2
Peroxymonosulfurous acid (aqueous),SO2OOH-
Sulfur trioxide,SO3
Sulfite ion,SO32-
Sulfate ion,SO42-
Sulfur(II) bromide,S2Br2
Thiosulfate ion,S2O32-
Disulfate ion,S2O72-
Antimony(III) bromide,SbBr3
Antimony(III) chloride,SbCl3
Antimony(V) chloride,SbCl5
Antimony(III) iodide,SbI3
Antimony(III) phosphate,SbPO4
Antimony oxysulfide,Sb2OS2
Antimony(III) oxide,Sb2O3
Antimony(V) oxide,Sb2O5
Antimony(III) sulfide,Sb2S3
Antimony(III) selenide,Sb2Se3
Antimony(V) selenide,Sb2Se5
Antimony(III) telluride,Sb2Te3
Scandium oxide,Sc2O3
Selenium(IV) bromide,SeBr4
Selenium(I) chloride,SeCl
Selenium(IV) chloride,SeCl4
Selenium(IV) oxychloride,SeOCl2
Selenyl difluoride,SeOF2
Selenium(IV) oxide,SeO2
Selenate ion,SeO42-
Selenium(IV) telluride,SeTe
Silicon(IV) bromide,SiBr4
Silicon carbide,SiC
Silicon(IV) chloride,SiCl4
Silane,SiH4
Silicon(IV) iodide,SiI4
Silicon(IV) dioxide,SiO2
Silicate ion,SiO44-
Disilicate ion,Si2O76-
Silicon nitride,Si3N4
Cyclosilicate ion,Si6O1812-
Tin(IV) bromotrichloride,SnBrCl3
Tin(II) bromide,SnBr2
Tin(IV) dibromodichloride,SnBr2Cl2
Tin(IV) tribromochloride,SnBr3Cl
Tin(IV) bromide,SnBr4
Tin(II) acetate,Sn(CH3COO)2
Tin(IV) acetate,Sn(CH3COO)4
Tin(II) chloride,SnCl2
Tin(IV) dichlorodiiodide,SnCl2I2
Tin(IV) chloride,SnCl4
Tin(IV) chromate,Sn(CrO4)2
Tin(IV) iodide,SnI4
Tin(II) hydroxide,Sn(OH)2
Tin(IV) hydroxide,Sn(OH)4
Tin(II) oxide,SnO
Tin(IV) oxide,SnO2
Stannate ion,SnO32-
Tin(II) sulfide,SnS
Tin(IV) sulfide,SnS2
Tin(IV) sulfate dihydrate,Sn(SO4)2Â·2H2O
Tin(II) selenide,SnSe
Tin(IV) selenide,SnSe2
Tin(II) telluride,SnTe
Tin(IV) telluride,SnTe4
Tin(II) metavanadate,Sn(VO3)2
Tin(IV) antimonide,Sn3Sb4
Strontium bromide,SrBr2
Strontium bromide hexahydrate,SrBr2Â·6H2O
Strontium carbonate,SrCO3
Strontium chloride,SrCl2
Strontium oxalate,SrC2O4
Strontium fluoride,SrF2
Strontium iodide,SrI2
Strontium iodide hexahydrate,SrI2Â·6H2O
Strontium permanganate,Sr(MnO4)2
Strontium orthomolybdate,SrMoO4
Strontium metaniobate,Sr(NbO3)2
Strontium oxide,SrO
Strontium ruthenate,Sr2RuO4
Strontium sulfide,SrS
Strontium selenite,SrSeO3
Strontium selenate,SrSeO4
Strontium tellurite,SrTeO3
Strontium tellurate,SrTeO4
Strontium metatitanate,SrTiO3
Tritium oxide,T2O
Tantalum(III) bromide,TaBr3
Tantalum(V) bromide,TaBr5
Tantalum(V) chloride,TaCl5
Tantalum(V) iodide,TaI5
Tantalate ion,TaO3-
Pertechnetate ion,TcO4-
Tellurium(II) bromide,TeBr2
Tellurium(IV) bromide,TeBr4
Tellurium(II) chloride,TeCl2
Tellurium(IV) chloride,TeCl4
Tellurium(II) iodide,TeI2
Tellurium(IV) iodide,TeI4
Tellurium(IV) oxide,TeO2
Tellurate ion,TeO4-
Yttrium telluride,TeY
Thorium carbonate,Th(CO3)2
Thorium nitrate,Th(NO3)4
Titanium(IV) bromide,TiBr4
Titanium(IV) dichlorodiiodide,TiCl2I2
Titanium(IV) trichloroiodide,TiCl3I
Titanium tetrachloride,TiCl4
Titanium dioxide,TiO2
Titanate ion,TiO32-
Thallium(I) bromide,TlBr
Thallium(III) bromide,TlBr3
Thallium(I) formate,Tl(CHO2)
Thallium(I) acetate,TlC2H3O2
Thalliium(I) malonate,Tl(C3H3O4)
Thallium(I) chloride,TlCl
Thallium(III) chloride,TlCl3
Thallium(I) fluoride,TlF
Thallium(I) iodide,TlI
Thallium(I) iodate,TlIO3
Thallium(III) iodide,TlI3
Titanium(IV) iodide,TiI4
Titanium(IV) oxynitrate hydrate,TiO(NO3)2 Â· xH2O
Thallium(I) nitrate,TlNO3
Thallium(I) hydroxide,TlOH
Thallium(I) hexafluorophosphate,TlPF6
Thallium thiocyanate,TlSCN
Thallium(I) orthomolybdate,Tl2MoO4
Thallium(I) selenite,Tl2SeO3
Thallium(I) tellurite,Tl2TeO3
Thallium(I) orthotungstate,Tl2WO4
Thallium(I) arsenide,Tl3As
Uranium carbide,UC2
Uranium(IV) fluoride,UF4
Uranium(VI) fluoride,UF6
Uranium dioxide,UO2
Uranium trioxide,UO3
Triuranium octoxide,U3O8
Uranyl nitrate,UO2(NO3)2
Vanadium(II) bromide,VBr2
Vanadium(III) bromide,VBr3
Vanadium(II) chloride,VCl2
Vanadium(III) chloride,VCl3
Vanadium oxysulfate,VSO5
Vanadium(III) oxide,V2O3
Vanadium pentoxide,V2O5
Divanadate ion,V2O74-
Tungsten(II) bromide,WBr2
Tungsten(III) bromide,WBr3
Tungsten(IV) bromide,WBr4
Tungsten(V) bromide,WBr5
Tungsten(VI) bromide,WBr6
Tungsten(VI) carbonyl,W(CO)6
Tungsten(II) chloride,WCl2
Tungsten(III) chloride,WCl3
Tungsten(IV) chloride,WCl4
Tungsten(V) chloride,WCl5
Tungsten(VI) chloride,WCl6
Tungsten(IV) fluoride,WF4
Tungsten(V) fluoride,WF5
Tungsten(VI) fluoride,WF6
Tungsten(II) iodide,WI2
Tungsten(IV) iodide,WI4
Tungsten(V) oxytribromide,WOBr3
Tungsten(VI) oxytetrabromide,WOBr4
Tungsten(V) oxytrichloride,WOCl3
Tungsten(VI) oxytetrachloride,WOCl4
Tungsten(VI) oxytetrafluoride,WOF4
Tungsten(IV) oxide,WO2
Tungsten(VI) dioxydibromide,WO2Br2
Tungsten(VI) dioxydichloride,WO2Cl2
Tungsten(VI) dioxydiiodide,WO2I2
Tungsten(VI) oxide,WO3
Tungstate ion,WO42-
Tungsten(IV) sulfide,WS2
Tungsten(VI) sulfide,WS3
Tungsten(IV) selenide,WSe2
Tungsten(IV) telluride,WTe2
Tungsten carbide,W2C
Yttrium arsenide,YAs
Yttrium boride,YB6
Yttrium bromide,YBr3
Yttrium carbide,YC2
Yttrium chloride,YCl3
Yttrium fluoride,YF3
Yttrium phosphide,YP
Yttrium antimonide,YSb
Yttrium vanadate,YVO4
Yttria,Y2O3
Yttrium sulfide,Y2S3
Ytterbium(II) bromide,YbBr2
Ytterbium(III) bromide,YbBr3
Ytterbium(II)chloride,YbCl2
Ytterbium(III) chloride,YbCl3
Ytterbium(III) chloride hexahydrate,YbCl3Â·6H2O
Ytterbium(II) fluoride,YbF2
Ytterbium(III) fluoride,YbF3
Ytterbium(II) iodide,YbI2
Ytterbium(III) iodide,YbI3
Ytterbium(II) selenide,YbSe
Ytterbium(II) silicide,YbSi2
Ytterbium(III) oxide,Yb2O3
Ytterbium(III) sulfide,Yb2S3
Ytterbium(III) selenide,Yb2Se3
Ytterbium(II) telluride,YbTe
Zinc aluminate,Zn(AlO2)2
Zinc arsenite,Zn(AsO2)2
Zinc bromide,ZnBr2
Zinc cyanide,Zn(CN)2
Zinc carbonate,ZnCO3
Zinc caprylate,Zn(C8H15O2)2
Zinc chlorate,Zn(ClO3)2
Zinc chloride,ZnCl2
Zinc chromite,ZnCr2O4
Zinc fluoride,ZnF2
Zinc iodate,Zn(IO3)2
Zinc iodide,ZnI2
Zinc orthomolybdate,ZnMoO4
Zinc nitrite,Zn(NO2)2
Zinc nitrate,Zn(NO3)2
Zinc metaniobate,Zn(NbO3)2
Zinc(II) oxide,ZnO
Zinc peroxide,ZnO2
Zinc hydroxide,Zn(OH)2
Zincate ion,Zn(OH)42-
Zinc sulfide,ZnS
Zinc thiocyanate,Zn(SCN)2
Zinc sulfate,ZnSO4
Zinc antimonide,ZnSb
Zinc selenide,ZnSe
Zinc selenite,ZnSeO3
Zinc stannate,ZnSnO3
Zinc metatantalate,Zn(TaO3)2
Zinc telluride,ZnTe
Zinc tellurite,ZnTeO3
Zinc tellurate,ZnTeO4
Zinc metatitanate,ZnTiO3
Zinc metavanadate,Zn(VO3)2
Zinc orthotungstate,ZnWO4
Zinc metazirconate,ZnZrO3
Zinc pyrophosphate,Zn2P2O7
Zinc orthosilicate,Zn2SiO4
Zinc arsenate,Zn3(AsO4)2
Zinc arsenide,Zn3As2
Zinc nitride,Zn3N2
Zinc phosphide,Zn3P2
Zinc phosphate,Zn3(PO4)2
Zinc antimonide,Zn3Sb2
Zirconium boride,ZrB2
Zirconium bromide,ZrBr4
Zirconium carbide,ZrC
Zirconium tetrachloride,ZrCl4
Zirconium fluoride,ZrF4
Zirconium iodide,ZrI4
Zirconium nitride,ZrN
Zirconium hydroxide,Zr(OH)4
Zirconium dioxide,ZrO2
Zirconate ion,ZrO32-
Zirconium phosphide,ZrP2
Zirconium sulfide,ZrS2
Zirconium silicide,ZrSi2
Zirconium orthosilicate,ZrSiO4
Zirconium phosphate,Zr3(PO4)4